image_id,label,kfold
/mnt/e/Datasets/imagenette2-320/train/n03888257/n03888257_75495.JPEG,9,1
/mnt/e/Datasets/imagenette2-320/train/n02102040/n02102040_3956.JPEG,1,0
/mnt/e/Datasets/imagenette2-320/train/n03394916/n03394916_71979.JPEG,5,1
/mnt/e/Datasets/imagenette2-320/train/n03394916/n03394916_43997.JPEG,5,1
/mnt/e/Datasets/imagenette2-320/train/n03394916/n03394916_42167.JPEG,5,0
/mnt/e/Datasets/imagenette2-320/train/n03445777/n03445777_5934.JPEG,8,0
/mnt/e/Datasets/imagenette2-320/train/n03000684/n03000684_14453.JPEG,3,1
/mnt/e/Datasets/imagenette2-320/train/n03425413/n03425413_21483.JPEG,7,1
/mnt/e/Datasets/imagenette2-320/train/n02102040/n02102040_7784.JPEG,1,1
/mnt/e/Datasets/imagenette2-320/train/n02102040/n02102040_973.JPEG,1,1
/mnt/e/Datasets/imagenette2-320/train/n03394916/n03394916_33405.JPEG,5,1
/mnt/e/Datasets/imagenette2-320/train/n02979186/n02979186_8445.JPEG,2,0
/mnt/e/Datasets/imagenette2-320/train/n02979186/n02979186_13588.JPEG,2,0
/mnt/e/Datasets/imagenette2-320/train/n03394916/n03394916_35344.JPEG,5,1
/mnt/e/Datasets/imagenette2-320/train/n03417042/n03417042_8325.JPEG,6,1
/mnt/e/Datasets/imagenette2-320/train/n03445777/n03445777_5107.JPEG,8,0
/mnt/e/Datasets/imagenette2-320/train/n03394916/n03394916_42786.JPEG,5,1
/mnt/e/Datasets/imagenette2-320/train/n03417042/n03417042_4966.JPEG,6,1
/mnt/e/Datasets/imagenette2-320/train/n03888257/n03888257_6326.JPEG,9,1
/mnt/e/Datasets/imagenette2-320/train/n03394916/n03394916_33254.JPEG,5,0
/mnt/e/Datasets/imagenette2-320/train/n02979186/n02979186_2216.JPEG,2,1
/mnt/e/Datasets/imagenette2-320/train/n02979186/n02979186_10098.JPEG,2,0
/mnt/e/Datasets/imagenette2-320/train/n03000684/n03000684_23445.JPEG,3,0
/mnt/e/Datasets/imagenette2-320/train/n03417042/n03417042_26969.JPEG,6,0
/mnt/e/Datasets/imagenette2-320/train/n02102040/n02102040_5194.JPEG,1,1
/mnt/e/Datasets/imagenette2-320/train/n02102040/n02102040_858.JPEG,1,0
/mnt/e/Datasets/imagenette2-320/train/n03394916/n03394916_16698.JPEG,5,0
/mnt/e/Datasets/imagenette2-320/train/n03425413/n03425413_21603.JPEG,7,1
/mnt/e/Datasets/imagenette2-320/train/n03394916/n03394916_33687.JPEG,5,1
/mnt/e/Datasets/imagenette2-320/train/n03028079/n03028079_3193.JPEG,4,0
/mnt/e/Datasets/imagenette2-320/train/n03028079/n03028079_12827.JPEG,4,0
/mnt/e/Datasets/imagenette2-320/train/n03425413/n03425413_20946.JPEG,7,0
/mnt/e/Datasets/imagenette2-320/train/n03394916/n03394916_43318.JPEG,5,0
/mnt/e/Datasets/imagenette2-320/train/n02979186/n02979186_21029.JPEG,2,0
/mnt/e/Datasets/imagenette2-320/train/n03445777/ILSVRC2012_val_00035918.JPEG,8,0
/mnt/e/Datasets/imagenette2-320/train/n03417042/n03417042_18745.JPEG,6,0
/mnt/e/Datasets/imagenette2-320/train/n01440764/n01440764_9518.JPEG,0,1
/mnt/e/Datasets/imagenette2-320/train/n03000684/n03000684_1934.JPEG,3,1
/mnt/e/Datasets/imagenette2-320/train/n03888257/n03888257_5893.JPEG,9,0
/mnt/e/Datasets/imagenette2-320/train/n03888257/n03888257_48087.JPEG,9,1
/mnt/e/Datasets/imagenette2-320/train/n03000684/n03000684_2688.JPEG,3,1
/mnt/e/Datasets/imagenette2-320/train/n01440764/n01440764_12785.JPEG,0,1
/mnt/e/Datasets/imagenette2-320/train/n03425413/n03425413_20828.JPEG,7,1
/mnt/e/Datasets/imagenette2-320/train/n01440764/n01440764_17058.JPEG,0,0
/mnt/e/Datasets/imagenette2-320/train/n03028079/n03028079_27155.JPEG,4,1
/mnt/e/Datasets/imagenette2-320/train/n03417042/n03417042_7505.JPEG,6,0
/mnt/e/Datasets/imagenette2-320/train/n03425413/n03425413_16458.JPEG,7,1
/mnt/e/Datasets/imagenette2-320/train/n01440764/n01440764_9567.JPEG,0,0
/mnt/e/Datasets/imagenette2-320/train/n03394916/n03394916_38866.JPEG,5,1
/mnt/e/Datasets/imagenette2-320/train/n03417042/n03417042_17233.JPEG,6,1
/mnt/e/Datasets/imagenette2-320/train/n03000684/n03000684_2857.JPEG,3,1
/mnt/e/Datasets/imagenette2-320/train/n02979186/n02979186_449.JPEG,2,1
/mnt/e/Datasets/imagenette2-320/train/n03445777/n03445777_5713.JPEG,8,0
/mnt/e/Datasets/imagenette2-320/train/n03394916/n03394916_29324.JPEG,5,0
/mnt/e/Datasets/imagenette2-320/train/n02979186/n02979186_23739.JPEG,2,1
/mnt/e/Datasets/imagenette2-320/train/n03445777/n03445777_8683.JPEG,8,0
/mnt/e/Datasets/imagenette2-320/train/n03417042/n03417042_2164.JPEG,6,0
/mnt/e/Datasets/imagenette2-320/train/n03445777/n03445777_3505.JPEG,8,0
/mnt/e/Datasets/imagenette2-320/train/n03394916/n03394916_37984.JPEG,5,0
/mnt/e/Datasets/imagenette2-320/train/n03394916/n03394916_54113.JPEG,5,1
/mnt/e/Datasets/imagenette2-320/train/n02979186/n02979186_4674.JPEG,2,1
/mnt/e/Datasets/imagenette2-320/train/n03445777/n03445777_3536.JPEG,8,1
/mnt/e/Datasets/imagenette2-320/train/n03425413/n03425413_7656.JPEG,7,0
/mnt/e/Datasets/imagenette2-320/train/n01440764/n01440764_4003.JPEG,0,1
/mnt/e/Datasets/imagenette2-320/train/n03888257/n03888257_27166.JPEG,9,1
/mnt/e/Datasets/imagenette2-320/train/n03445777/n03445777_6.JPEG,8,1
/mnt/e/Datasets/imagenette2-320/train/n03425413/n03425413_18918.JPEG,7,1
/mnt/e/Datasets/imagenette2-320/train/n03000684/n03000684_1348.JPEG,3,1
/mnt/e/Datasets/imagenette2-320/train/n03028079/n03028079_1738.JPEG,4,1
/mnt/e/Datasets/imagenette2-320/train/n03028079/n03028079_24634.JPEG,4,0
/mnt/e/Datasets/imagenette2-320/train/n03888257/n03888257_68897.JPEG,9,1
/mnt/e/Datasets/imagenette2-320/train/n02979186/n02979186_10593.JPEG,2,0
/mnt/e/Datasets/imagenette2-320/train/n03417042/n03417042_4647.JPEG,6,0
/mnt/e/Datasets/imagenette2-320/train/n03888257/n03888257_3656.JPEG,9,1
/mnt/e/Datasets/imagenette2-320/train/n03028079/n03028079_5545.JPEG,4,1
/mnt/e/Datasets/imagenette2-320/train/n03000684/n03000684_9976.JPEG,3,1
/mnt/e/Datasets/imagenette2-320/train/n03417042/n03417042_5997.JPEG,6,1
/mnt/e/Datasets/imagenette2-320/train/n02979186/n02979186_22439.JPEG,2,0
/mnt/e/Datasets/imagenette2-320/train/n02979186/n02979186_10583.JPEG,2,1
/mnt/e/Datasets/imagenette2-320/train/n03000684/n03000684_16448.JPEG,3,0
/mnt/e/Datasets/imagenette2-320/train/n03445777/n03445777_6594.JPEG,8,0
/mnt/e/Datasets/imagenette2-320/train/n02102040/n02102040_55.JPEG,1,0
/mnt/e/Datasets/imagenette2-320/train/n02102040/n02102040_3586.JPEG,1,0
/mnt/e/Datasets/imagenette2-320/train/n03394916/n03394916_15755.JPEG,5,0
/mnt/e/Datasets/imagenette2-320/train/n03425413/n03425413_8924.JPEG,7,1
/mnt/e/Datasets/imagenette2-320/train/n01440764/n01440764_2159.JPEG,0,0
/mnt/e/Datasets/imagenette2-320/train/n02979186/n02979186_7103.JPEG,2,0
/mnt/e/Datasets/imagenette2-320/train/n03000684/n03000684_8985.JPEG,3,0
/mnt/e/Datasets/imagenette2-320/train/n03888257/n03888257_55677.JPEG,9,1
/mnt/e/Datasets/imagenette2-320/train/n03888257/n03888257_25687.JPEG,9,1
/mnt/e/Datasets/imagenette2-320/train/n03394916/n03394916_36778.JPEG,5,0
/mnt/e/Datasets/imagenette2-320/train/n03394916/n03394916_2929.JPEG,5,1
/mnt/e/Datasets/imagenette2-320/train/n03888257/ILSVRC2012_val_00013527.JPEG,9,1
/mnt/e/Datasets/imagenette2-320/train/n03445777/n03445777_3849.JPEG,8,0
/mnt/e/Datasets/imagenette2-320/train/n03888257/n03888257_16315.JPEG,9,1
/mnt/e/Datasets/imagenette2-320/train/n02979186/n02979186_19444.JPEG,2,1
/mnt/e/Datasets/imagenette2-320/train/n03000684/n03000684_8464.JPEG,3,0
/mnt/e/Datasets/imagenette2-320/train/n03028079/n03028079_3654.JPEG,4,1
/mnt/e/Datasets/imagenette2-320/train/n01440764/n01440764_8215.JPEG,0,1
/mnt/e/Datasets/imagenette2-320/train/n03445777/n03445777_8225.JPEG,8,0
/mnt/e/Datasets/imagenette2-320/train/n03425413/n03425413_19156.JPEG,7,1
/mnt/e/Datasets/imagenette2-320/train/n01440764/n01440764_4913.JPEG,0,0
/mnt/e/Datasets/imagenette2-320/train/n03425413/n03425413_13454.JPEG,7,1
/mnt/e/Datasets/imagenette2-320/train/n03445777/n03445777_6134.JPEG,8,0
/mnt/e/Datasets/imagenette2-320/train/n03394916/n03394916_51764.JPEG,5,1
/mnt/e/Datasets/imagenette2-320/train/n03417042/n03417042_1775.JPEG,6,0
/mnt/e/Datasets/imagenette2-320/train/n03425413/n03425413_13269.JPEG,7,0
/mnt/e/Datasets/imagenette2-320/train/n03417042/n03417042_29074.JPEG,6,1
/mnt/e/Datasets/imagenette2-320/train/n03394916/n03394916_20446.JPEG,5,0
/mnt/e/Datasets/imagenette2-320/train/n02979186/n02979186_7536.JPEG,2,1
/mnt/e/Datasets/imagenette2-320/train/n01440764/n01440764_11018.JPEG,0,1
/mnt/e/Datasets/imagenette2-320/train/n03028079/n03028079_36037.JPEG,4,0
/mnt/e/Datasets/imagenette2-320/train/n03394916/n03394916_30808.JPEG,5,1
/mnt/e/Datasets/imagenette2-320/train/n02102040/n02102040_153.JPEG,1,1
/mnt/e/Datasets/imagenette2-320/train/n01440764/n01440764_5908.JPEG,0,0
/mnt/e/Datasets/imagenette2-320/train/n03000684/n03000684_1014.JPEG,3,0
/mnt/e/Datasets/imagenette2-320/train/n01440764/n01440764_11974.JPEG,0,1
/mnt/e/Datasets/imagenette2-320/train/n03888257/n03888257_9378.JPEG,9,1
/mnt/e/Datasets/imagenette2-320/train/n02979186/n02979186_4044.JPEG,2,0
/mnt/e/Datasets/imagenette2-320/train/n02979186/n02979186_27697.JPEG,2,1
/mnt/e/Datasets/imagenette2-320/train/n03888257/n03888257_34169.JPEG,9,1
/mnt/e/Datasets/imagenette2-320/train/n02102040/n02102040_5468.JPEG,1,0
/mnt/e/Datasets/imagenette2-320/train/n03425413/n03425413_21958.JPEG,7,1
/mnt/e/Datasets/imagenette2-320/train/n03394916/n03394916_48797.JPEG,5,1
/mnt/e/Datasets/imagenette2-320/train/n02102040/n02102040_4835.JPEG,1,1
/mnt/e/Datasets/imagenette2-320/train/n02979186/n02979186_3279.JPEG,2,0
/mnt/e/Datasets/imagenette2-320/train/n03425413/n03425413_8018.JPEG,7,0
/mnt/e/Datasets/imagenette2-320/train/n03394916/n03394916_27425.JPEG,5,0
/mnt/e/Datasets/imagenette2-320/train/n02102040/n02102040_5984.JPEG,1,1
/mnt/e/Datasets/imagenette2-320/train/n01440764/n01440764_2835.JPEG,0,0
/mnt/e/Datasets/imagenette2-320/train/n03000684/n03000684_10665.JPEG,3,0
/mnt/e/Datasets/imagenette2-320/train/n03000684/n03000684_21935.JPEG,3,0
/mnt/e/Datasets/imagenette2-320/train/n01440764/n01440764_16348.JPEG,0,1
/mnt/e/Datasets/imagenette2-320/train/n03445777/n03445777_4878.JPEG,8,0
/mnt/e/Datasets/imagenette2-320/train/n02979186/n02979186_3656.JPEG,2,1
/mnt/e/Datasets/imagenette2-320/train/n01440764/n01440764_6706.JPEG,0,1
/mnt/e/Datasets/imagenette2-320/train/n03417042/n03417042_8694.JPEG,6,1
/mnt/e/Datasets/imagenette2-320/train/n03425413/n03425413_16197.JPEG,7,1
/mnt/e/Datasets/imagenette2-320/train/n03425413/n03425413_1214.JPEG,7,1
/mnt/e/Datasets/imagenette2-320/train/n03425413/n03425413_14197.JPEG,7,1
/mnt/e/Datasets/imagenette2-320/train/n03445777/n03445777_5159.JPEG,8,0
/mnt/e/Datasets/imagenette2-320/train/n03028079/n03028079_38969.JPEG,4,1
/mnt/e/Datasets/imagenette2-320/train/n03417042/n03417042_12169.JPEG,6,0
/mnt/e/Datasets/imagenette2-320/train/n02979186/n02979186_1464.JPEG,2,0
/mnt/e/Datasets/imagenette2-320/train/n02102040/n02102040_1317.JPEG,1,0
/mnt/e/Datasets/imagenette2-320/train/n03394916/n03394916_35109.JPEG,5,0
/mnt/e/Datasets/imagenette2-320/train/n01440764/n01440764_2699.JPEG,0,1
/mnt/e/Datasets/imagenette2-320/train/n03888257/n03888257_23265.JPEG,9,1
/mnt/e/Datasets/imagenette2-320/train/n03445777/n03445777_9753.JPEG,8,0
/mnt/e/Datasets/imagenette2-320/train/n01440764/n01440764_5535.JPEG,0,1
/mnt/e/Datasets/imagenette2-320/train/n03417042/n03417042_3329.JPEG,6,0
/mnt/e/Datasets/imagenette2-320/train/n03028079/n03028079_102107.JPEG,4,0
/mnt/e/Datasets/imagenette2-320/train/n02102040/n02102040_398.JPEG,1,1
/mnt/e/Datasets/imagenette2-320/train/n03888257/n03888257_13896.JPEG,9,1
/mnt/e/Datasets/imagenette2-320/train/n03394916/n03394916_58554.JPEG,5,1
/mnt/e/Datasets/imagenette2-320/train/n03417042/n03417042_8076.JPEG,6,0
/mnt/e/Datasets/imagenette2-320/train/n02102040/n02102040_2583.JPEG,1,1
/mnt/e/Datasets/imagenette2-320/train/n02102040/n02102040_3397.JPEG,1,1
/mnt/e/Datasets/imagenette2-320/train/n03445777/n03445777_2497.JPEG,8,1
/mnt/e/Datasets/imagenette2-320/train/n03445777/n03445777_14568.JPEG,8,0
/mnt/e/Datasets/imagenette2-320/train/n03417042/n03417042_6216.JPEG,6,1
/mnt/e/Datasets/imagenette2-320/train/n03888257/n03888257_17175.JPEG,9,1
/mnt/e/Datasets/imagenette2-320/train/n03394916/n03394916_44523.JPEG,5,0
/mnt/e/Datasets/imagenette2-320/train/n03445777/n03445777_3927.JPEG,8,1
/mnt/e/Datasets/imagenette2-320/train/n03028079/n03028079_23514.JPEG,4,0
/mnt/e/Datasets/imagenette2-320/train/n03028079/n03028079_19193.JPEG,4,1
/mnt/e/Datasets/imagenette2-320/train/n03888257/n03888257_16403.JPEG,9,1
/mnt/e/Datasets/imagenette2-320/train/n02979186/n02979186_20355.JPEG,2,1
/mnt/e/Datasets/imagenette2-320/train/n02979186/n02979186_14353.JPEG,2,1
/mnt/e/Datasets/imagenette2-320/train/n03028079/n03028079_7755.JPEG,4,0
/mnt/e/Datasets/imagenette2-320/train/n02102040/n02102040_4956.JPEG,1,1
/mnt/e/Datasets/imagenette2-320/train/n03000684/n03000684_31035.JPEG,3,0
/mnt/e/Datasets/imagenette2-320/train/n03888257/n03888257_67319.JPEG,9,0
/mnt/e/Datasets/imagenette2-320/train/n03028079/n03028079_39509.JPEG,4,1
/mnt/e/Datasets/imagenette2-320/train/n03417042/n03417042_26749.JPEG,6,0
/mnt/e/Datasets/imagenette2-320/train/n03417042/ILSVRC2012_val_00007519.JPEG,6,1
/mnt/e/Datasets/imagenette2-320/train/n03445777/n03445777_8394.JPEG,8,0
/mnt/e/Datasets/imagenette2-320/train/n03445777/n03445777_6038.JPEG,8,0
/mnt/e/Datasets/imagenette2-320/train/n03888257/n03888257_33624.JPEG,9,0
/mnt/e/Datasets/imagenette2-320/train/n02102040/n02102040_2163.JPEG,1,0
/mnt/e/Datasets/imagenette2-320/train/n03394916/n03394916_37099.JPEG,5,0
/mnt/e/Datasets/imagenette2-320/train/n03028079/n03028079_3925.JPEG,4,1
/mnt/e/Datasets/imagenette2-320/train/n03445777/n03445777_4984.JPEG,8,1
/mnt/e/Datasets/imagenette2-320/train/n03888257/n03888257_10037.JPEG,9,0
/mnt/e/Datasets/imagenette2-320/train/n03394916/n03394916_35725.JPEG,5,0
/mnt/e/Datasets/imagenette2-320/train/n03000684/n03000684_2674.JPEG,3,0
/mnt/e/Datasets/imagenette2-320/train/n03417042/n03417042_588.JPEG,6,0
/mnt/e/Datasets/imagenette2-320/train/n03394916/n03394916_41686.JPEG,5,1
/mnt/e/Datasets/imagenette2-320/train/n03028079/n03028079_67547.JPEG,4,1
/mnt/e/Datasets/imagenette2-320/train/n03445777/n03445777_5269.JPEG,8,0
/mnt/e/Datasets/imagenette2-320/train/n03888257/n03888257_43169.JPEG,9,0
/mnt/e/Datasets/imagenette2-320/train/n02979186/n02979186_66.JPEG,2,0
/mnt/e/Datasets/imagenette2-320/train/n02102040/n02102040_248.JPEG,1,0
/mnt/e/Datasets/imagenette2-320/train/n03445777/n03445777_20319.JPEG,8,1
/mnt/e/Datasets/imagenette2-320/train/n03425413/n03425413_13763.JPEG,7,0
/mnt/e/Datasets/imagenette2-320/train/n01440764/ILSVRC2012_val_00023559.JPEG,0,0
/mnt/e/Datasets/imagenette2-320/train/n02979186/n02979186_13444.JPEG,2,1
/mnt/e/Datasets/imagenette2-320/train/n02979186/n02979186_11156.JPEG,2,1
/mnt/e/Datasets/imagenette2-320/train/n02979186/n02979186_1176.JPEG,2,1
/mnt/e/Datasets/imagenette2-320/train/n03028079/n03028079_8856.JPEG,4,0
/mnt/e/Datasets/imagenette2-320/train/n01440764/n01440764_9568.JPEG,0,0
/mnt/e/Datasets/imagenette2-320/train/n03417042/n03417042_27686.JPEG,6,1
/mnt/e/Datasets/imagenette2-320/train/n03425413/n03425413_19228.JPEG,7,0
/mnt/e/Datasets/imagenette2-320/train/n03000684/n03000684_22628.JPEG,3,1
/mnt/e/Datasets/imagenette2-320/train/n03445777/n03445777_6637.JPEG,8,1
/mnt/e/Datasets/imagenette2-320/train/n03888257/n03888257_13285.JPEG,9,0
/mnt/e/Datasets/imagenette2-320/train/n03445777/n03445777_6397.JPEG,8,1
/mnt/e/Datasets/imagenette2-320/train/n03000684/n03000684_548.JPEG,3,1
/mnt/e/Datasets/imagenette2-320/train/n03445777/n03445777_6399.JPEG,8,0
/mnt/e/Datasets/imagenette2-320/train/n02102040/ILSVRC2012_val_00049218.JPEG,1,1
/mnt/e/Datasets/imagenette2-320/train/n03000684/n03000684_14146.JPEG,3,0
/mnt/e/Datasets/imagenette2-320/train/n03445777/n03445777_5485.JPEG,8,1
/mnt/e/Datasets/imagenette2-320/train/n03394916/n03394916_30244.JPEG,5,0
/mnt/e/Datasets/imagenette2-320/train/n03394916/n03394916_42795.JPEG,5,0
/mnt/e/Datasets/imagenette2-320/train/n03000684/n03000684_398.JPEG,3,1
/mnt/e/Datasets/imagenette2-320/train/n03028079/n03028079_3497.JPEG,4,0
/mnt/e/Datasets/imagenette2-320/train/n03425413/n03425413_2678.JPEG,7,0
/mnt/e/Datasets/imagenette2-320/train/n02102040/n02102040_2326.JPEG,1,1
/mnt/e/Datasets/imagenette2-320/train/n02979186/n02979186_7147.JPEG,2,0
/mnt/e/Datasets/imagenette2-320/train/n02979186/n02979186_14767.JPEG,2,1
/mnt/e/Datasets/imagenette2-320/train/n03445777/n03445777_9199.JPEG,8,1
/mnt/e/Datasets/imagenette2-320/train/n03445777/n03445777_9179.JPEG,8,0
/mnt/e/Datasets/imagenette2-320/train/n03000684/n03000684_26889.JPEG,3,1
/mnt/e/Datasets/imagenette2-320/train/n03394916/n03394916_21597.JPEG,5,0
/mnt/e/Datasets/imagenette2-320/train/n02102040/ILSVRC2012_val_00010994.JPEG,1,0
/mnt/e/Datasets/imagenette2-320/train/n03888257/n03888257_4809.JPEG,9,1
/mnt/e/Datasets/imagenette2-320/train/n02979186/n02979186_2488.JPEG,2,1
/mnt/e/Datasets/imagenette2-320/train/n03000684/n03000684_1748.JPEG,3,1
/mnt/e/Datasets/imagenette2-320/train/n02979186/n02979186_3238.JPEG,2,1
/mnt/e/Datasets/imagenette2-320/train/n02102040/n02102040_2539.JPEG,1,0
/mnt/e/Datasets/imagenette2-320/train/n02102040/n02102040_484.JPEG,1,1
/mnt/e/Datasets/imagenette2-320/train/n01440764/n01440764_8688.JPEG,0,0
/mnt/e/Datasets/imagenette2-320/train/n03425413/n03425413_11367.JPEG,7,1
/mnt/e/Datasets/imagenette2-320/train/n03445777/ILSVRC2012_val_00036755.JPEG,8,0
/mnt/e/Datasets/imagenette2-320/train/n03888257/n03888257_24644.JPEG,9,0
/mnt/e/Datasets/imagenette2-320/train/n03888257/n03888257_1797.JPEG,9,0
/mnt/e/Datasets/imagenette2-320/train/n03425413/n03425413_20948.JPEG,7,1
/mnt/e/Datasets/imagenette2-320/train/n03888257/n03888257_1097.JPEG,9,1
/mnt/e/Datasets/imagenette2-320/train/n02979186/n02979186_258.JPEG,2,1
/mnt/e/Datasets/imagenette2-320/train/n03888257/n03888257_33427.JPEG,9,0
/mnt/e/Datasets/imagenette2-320/train/n03445777/n03445777_8448.JPEG,8,1
/mnt/e/Datasets/imagenette2-320/train/n03425413/n03425413_10875.JPEG,7,0
/mnt/e/Datasets/imagenette2-320/train/n02979186/n02979186_2516.JPEG,2,1
/mnt/e/Datasets/imagenette2-320/train/n03028079/n03028079_1473.JPEG,4,1
/mnt/e/Datasets/imagenette2-320/train/n01440764/n01440764_11586.JPEG,0,0
/mnt/e/Datasets/imagenette2-320/train/n03445777/n03445777_15963.JPEG,8,1
/mnt/e/Datasets/imagenette2-320/train/n03394916/n03394916_25775.JPEG,5,0
/mnt/e/Datasets/imagenette2-320/train/n01440764/n01440764_6268.JPEG,0,1
/mnt/e/Datasets/imagenette2-320/train/n03445777/n03445777_7196.JPEG,8,0
/mnt/e/Datasets/imagenette2-320/train/n03445777/n03445777_2463.JPEG,8,1
/mnt/e/Datasets/imagenette2-320/train/n03028079/n03028079_5826.JPEG,4,0
/mnt/e/Datasets/imagenette2-320/train/n03394916/n03394916_6037.JPEG,5,1
/mnt/e/Datasets/imagenette2-320/train/n03417042/n03417042_5699.JPEG,6,1
/mnt/e/Datasets/imagenette2-320/train/n03425413/n03425413_13069.JPEG,7,1
/mnt/e/Datasets/imagenette2-320/train/n03888257/n03888257_33789.JPEG,9,1
/mnt/e/Datasets/imagenette2-320/train/n01440764/n01440764_13694.JPEG,0,1
/mnt/e/Datasets/imagenette2-320/train/n03445777/n03445777_7857.JPEG,8,1
/mnt/e/Datasets/imagenette2-320/train/n01440764/n01440764_9799.JPEG,0,1
/mnt/e/Datasets/imagenette2-320/train/n03394916/n03394916_21205.JPEG,5,0
/mnt/e/Datasets/imagenette2-320/train/n03445777/n03445777_6416.JPEG,8,1
/mnt/e/Datasets/imagenette2-320/train/n03394916/n03394916_58055.JPEG,5,0
/mnt/e/Datasets/imagenette2-320/train/n02102040/n02102040_904.JPEG,1,1
/mnt/e/Datasets/imagenette2-320/train/n02979186/n02979186_25384.JPEG,2,0
/mnt/e/Datasets/imagenette2-320/train/n03417042/n03417042_6504.JPEG,6,0
/mnt/e/Datasets/imagenette2-320/train/n02102040/n02102040_8126.JPEG,1,0
/mnt/e/Datasets/imagenette2-320/train/n02979186/n02979186_8824.JPEG,2,0
/mnt/e/Datasets/imagenette2-320/train/n03445777/n03445777_3833.JPEG,8,0
/mnt/e/Datasets/imagenette2-320/train/n02979186/n02979186_12885.JPEG,2,0
/mnt/e/Datasets/imagenette2-320/train/n02102040/n02102040_824.JPEG,1,0
/mnt/e/Datasets/imagenette2-320/train/n02979186/n02979186_15185.JPEG,2,0
/mnt/e/Datasets/imagenette2-320/train/n01440764/n01440764_12239.JPEG,0,0
/mnt/e/Datasets/imagenette2-320/train/n03417042/n03417042_11944.JPEG,6,1
/mnt/e/Datasets/imagenette2-320/train/n02102040/n02102040_5503.JPEG,1,1
/mnt/e/Datasets/imagenette2-320/train/n03000684/n03000684_18267.JPEG,3,0
/mnt/e/Datasets/imagenette2-320/train/n03028079/n03028079_31979.JPEG,4,0
/mnt/e/Datasets/imagenette2-320/train/n03394916/n03394916_36334.JPEG,5,1
/mnt/e/Datasets/imagenette2-320/train/n03425413/n03425413_19378.JPEG,7,0
/mnt/e/Datasets/imagenette2-320/train/n03394916/n03394916_38515.JPEG,5,1
/mnt/e/Datasets/imagenette2-320/train/n03394916/ILSVRC2012_val_00022204.JPEG,5,1
/mnt/e/Datasets/imagenette2-320/train/n03000684/n03000684_9969.JPEG,3,1
/mnt/e/Datasets/imagenette2-320/train/n02979186/n02979186_19433.JPEG,2,0
/mnt/e/Datasets/imagenette2-320/train/n03417042/n03417042_18536.JPEG,6,1
/mnt/e/Datasets/imagenette2-320/train/n03000684/n03000684_18438.JPEG,3,1
/mnt/e/Datasets/imagenette2-320/train/n02102040/n02102040_8287.JPEG,1,0
/mnt/e/Datasets/imagenette2-320/train/n03000684/n03000684_15763.JPEG,3,1
/mnt/e/Datasets/imagenette2-320/train/n03445777/n03445777_6516.JPEG,8,0
/mnt/e/Datasets/imagenette2-320/train/n03394916/n03394916_48134.JPEG,5,1
/mnt/e/Datasets/imagenette2-320/train/n03888257/n03888257_10476.JPEG,9,0
/mnt/e/Datasets/imagenette2-320/train/n01440764/n01440764_5256.JPEG,0,1
/mnt/e/Datasets/imagenette2-320/train/n03417042/n03417042_4357.JPEG,6,0
/mnt/e/Datasets/imagenette2-320/train/n03888257/n03888257_56078.JPEG,9,0
/mnt/e/Datasets/imagenette2-320/train/n03028079/n03028079_1088.JPEG,4,0
/mnt/e/Datasets/imagenette2-320/train/n02102040/ILSVRC2012_val_00040546.JPEG,1,0
/mnt/e/Datasets/imagenette2-320/train/n03417042/n03417042_5153.JPEG,6,1
/mnt/e/Datasets/imagenette2-320/train/n02102040/n02102040_5724.JPEG,1,1
/mnt/e/Datasets/imagenette2-320/train/n03445777/n03445777_18613.JPEG,8,0
/mnt/e/Datasets/imagenette2-320/train/n03445777/n03445777_10693.JPEG,8,0
/mnt/e/Datasets/imagenette2-320/train/n01440764/n01440764_10159.JPEG,0,0
/mnt/e/Datasets/imagenette2-320/train/n03425413/n03425413_14643.JPEG,7,0
/mnt/e/Datasets/imagenette2-320/train/n02102040/n02102040_528.JPEG,1,1
/mnt/e/Datasets/imagenette2-320/train/n01440764/n01440764_2679.JPEG,0,1
/mnt/e/Datasets/imagenette2-320/train/n03000684/n03000684_2264.JPEG,3,1
/mnt/e/Datasets/imagenette2-320/train/n02979186/n02979186_14857.JPEG,2,0
/mnt/e/Datasets/imagenette2-320/train/n03888257/n03888257_20025.JPEG,9,1
/mnt/e/Datasets/imagenette2-320/train/n03417042/n03417042_7633.JPEG,6,0
/mnt/e/Datasets/imagenette2-320/train/n03028079/n03028079_10157.JPEG,4,1
/mnt/e/Datasets/imagenette2-320/train/n03394916/n03394916_48819.JPEG,5,1
/mnt/e/Datasets/imagenette2-320/train/n03445777/n03445777_8964.JPEG,8,1
/mnt/e/Datasets/imagenette2-320/train/n03417042/n03417042_16166.JPEG,6,1
/mnt/e/Datasets/imagenette2-320/train/n03445777/n03445777_16186.JPEG,8,1
/mnt/e/Datasets/imagenette2-320/train/n02102040/n02102040_304.JPEG,1,1
/mnt/e/Datasets/imagenette2-320/train/n02979186/n02979186_10956.JPEG,2,0
/mnt/e/Datasets/imagenette2-320/train/n03417042/n03417042_3338.JPEG,6,1
/mnt/e/Datasets/imagenette2-320/train/n03888257/n03888257_42405.JPEG,9,0
/mnt/e/Datasets/imagenette2-320/train/n02102040/n02102040_3066.JPEG,1,1
/mnt/e/Datasets/imagenette2-320/train/n02979186/n02979186_12839.JPEG,2,0
/mnt/e/Datasets/imagenette2-320/train/n02979186/n02979186_5545.JPEG,2,0
/mnt/e/Datasets/imagenette2-320/train/n01440764/n01440764_574.JPEG,0,0
/mnt/e/Datasets/imagenette2-320/train/n03394916/n03394916_22753.JPEG,5,0
/mnt/e/Datasets/imagenette2-320/train/n03394916/n03394916_29545.JPEG,5,0
/mnt/e/Datasets/imagenette2-320/train/n03445777/n03445777_17813.JPEG,8,1
/mnt/e/Datasets/imagenette2-320/train/n02102040/n02102040_584.JPEG,1,0
/mnt/e/Datasets/imagenette2-320/train/n03000684/n03000684_17606.JPEG,3,1
/mnt/e/Datasets/imagenette2-320/train/n01440764/n01440764_547.JPEG,0,0
/mnt/e/Datasets/imagenette2-320/train/n03888257/n03888257_63169.JPEG,9,0
/mnt/e/Datasets/imagenette2-320/train/n02979186/n02979186_11884.JPEG,2,0
/mnt/e/Datasets/imagenette2-320/train/n03425413/n03425413_17858.JPEG,7,1
/mnt/e/Datasets/imagenette2-320/train/n03000684/n03000684_493.JPEG,3,0
/mnt/e/Datasets/imagenette2-320/train/n03028079/n03028079_5484.JPEG,4,0
/mnt/e/Datasets/imagenette2-320/train/n03888257/n03888257_24905.JPEG,9,0
/mnt/e/Datasets/imagenette2-320/train/n03425413/n03425413_21908.JPEG,7,0
/mnt/e/Datasets/imagenette2-320/train/n01440764/n01440764_9776.JPEG,0,1
/mnt/e/Datasets/imagenette2-320/train/n03425413/n03425413_7175.JPEG,7,1
/mnt/e/Datasets/imagenette2-320/train/n03888257/n03888257_20114.JPEG,9,1
/mnt/e/Datasets/imagenette2-320/train/n02102040/n02102040_1064.JPEG,1,1
/mnt/e/Datasets/imagenette2-320/train/n03417042/n03417042_12509.JPEG,6,0
/mnt/e/Datasets/imagenette2-320/train/n03888257/n03888257_9408.JPEG,9,1
/mnt/e/Datasets/imagenette2-320/train/n03028079/n03028079_14063.JPEG,4,1
/mnt/e/Datasets/imagenette2-320/train/n02102040/n02102040_715.JPEG,1,0
/mnt/e/Datasets/imagenette2-320/train/n03425413/n03425413_10278.JPEG,7,1
/mnt/e/Datasets/imagenette2-320/train/n02102040/n02102040_68.JPEG,1,0
/mnt/e/Datasets/imagenette2-320/train/n03445777/n03445777_494.JPEG,8,0
/mnt/e/Datasets/imagenette2-320/train/n01440764/n01440764_10027.JPEG,0,1
/mnt/e/Datasets/imagenette2-320/train/n02979186/n02979186_9394.JPEG,2,1
/mnt/e/Datasets/imagenette2-320/train/n03417042/n03417042_3066.JPEG,6,0
/mnt/e/Datasets/imagenette2-320/train/n02102040/n02102040_388.JPEG,1,0
/mnt/e/Datasets/imagenette2-320/train/n03417042/n03417042_5228.JPEG,6,0
/mnt/e/Datasets/imagenette2-320/train/n03888257/n03888257_6287.JPEG,9,1
/mnt/e/Datasets/imagenette2-320/train/n03445777/n03445777_4198.JPEG,8,0
/mnt/e/Datasets/imagenette2-320/train/n03028079/n03028079_26479.JPEG,4,1
/mnt/e/Datasets/imagenette2-320/train/n03028079/n03028079_9575.JPEG,4,1
/mnt/e/Datasets/imagenette2-320/train/n03000684/n03000684_15038.JPEG,3,0
/mnt/e/Datasets/imagenette2-320/train/n03425413/n03425413_21276.JPEG,7,0
/mnt/e/Datasets/imagenette2-320/train/n03425413/n03425413_13025.JPEG,7,1
/mnt/e/Datasets/imagenette2-320/train/n03394916/n03394916_36839.JPEG,5,0
/mnt/e/Datasets/imagenette2-320/train/n02979186/n02979186_21298.JPEG,2,0
/mnt/e/Datasets/imagenette2-320/train/n03028079/n03028079_8957.JPEG,4,0
/mnt/e/Datasets/imagenette2-320/train/n03000684/n03000684_1404.JPEG,3,0
/mnt/e/Datasets/imagenette2-320/train/n03425413/n03425413_19944.JPEG,7,0
/mnt/e/Datasets/imagenette2-320/train/n02979186/n02979186_3873.JPEG,2,0
/mnt/e/Datasets/imagenette2-320/train/n03888257/n03888257_12788.JPEG,9,0
/mnt/e/Datasets/imagenette2-320/train/n02102040/n02102040_1183.JPEG,1,0
/mnt/e/Datasets/imagenette2-320/train/n03028079/n03028079_22118.JPEG,4,0
/mnt/e/Datasets/imagenette2-320/train/n03394916/n03394916_37417.JPEG,5,0
/mnt/e/Datasets/imagenette2-320/train/n02102040/n02102040_6773.JPEG,1,0
/mnt/e/Datasets/imagenette2-320/train/n03028079/n03028079_55516.JPEG,4,0
/mnt/e/Datasets/imagenette2-320/train/n03000684/ILSVRC2012_val_00041057.JPEG,3,0
/mnt/e/Datasets/imagenette2-320/train/n02102040/n02102040_1564.JPEG,1,0
/mnt/e/Datasets/imagenette2-320/train/n01440764/n01440764_12178.JPEG,0,0
/mnt/e/Datasets/imagenette2-320/train/n03888257/n03888257_14703.JPEG,9,0
/mnt/e/Datasets/imagenette2-320/train/n03000684/n03000684_3135.JPEG,3,0
/mnt/e/Datasets/imagenette2-320/train/n03417042/n03417042_18554.JPEG,6,1
/mnt/e/Datasets/imagenette2-320/train/n02979186/n02979186_12846.JPEG,2,0
/mnt/e/Datasets/imagenette2-320/train/n02979186/n02979186_10117.JPEG,2,1
/mnt/e/Datasets/imagenette2-320/train/n03028079/n03028079_176.JPEG,4,0
/mnt/e/Datasets/imagenette2-320/train/n03394916/n03394916_33806.JPEG,5,1
/mnt/e/Datasets/imagenette2-320/train/n03888257/n03888257_11699.JPEG,9,0
/mnt/e/Datasets/imagenette2-320/train/n03417042/n03417042_18743.JPEG,6,1
/mnt/e/Datasets/imagenette2-320/train/n02102040/n02102040_1156.JPEG,1,1
/mnt/e/Datasets/imagenette2-320/train/n02979186/n02979186_15213.JPEG,2,0
/mnt/e/Datasets/imagenette2-320/train/n03425413/n03425413_22034.JPEG,7,1
/mnt/e/Datasets/imagenette2-320/train/n03445777/n03445777_6534.JPEG,8,0
/mnt/e/Datasets/imagenette2-320/train/n03888257/n03888257_15797.JPEG,9,0
/mnt/e/Datasets/imagenette2-320/train/n02102040/n02102040_6479.JPEG,1,0
/mnt/e/Datasets/imagenette2-320/train/n03394916/n03394916_23108.JPEG,5,0
/mnt/e/Datasets/imagenette2-320/train/n03000684/n03000684_4865.JPEG,3,0
/mnt/e/Datasets/imagenette2-320/train/n03000684/n03000684_1649.JPEG,3,1
/mnt/e/Datasets/imagenette2-320/train/n03394916/n03394916_4213.JPEG,5,1
/mnt/e/Datasets/imagenette2-320/train/n03425413/n03425413_26983.JPEG,7,0
/mnt/e/Datasets/imagenette2-320/train/n03394916/n03394916_64879.JPEG,5,0
/mnt/e/Datasets/imagenette2-320/train/n02979186/n02979186_4737.JPEG,2,1
/mnt/e/Datasets/imagenette2-320/train/n03394916/n03394916_58685.JPEG,5,0
/mnt/e/Datasets/imagenette2-320/train/n03425413/n03425413_1207.JPEG,7,0
/mnt/e/Datasets/imagenette2-320/train/n01440764/n01440764_29057.JPEG,0,0
/mnt/e/Datasets/imagenette2-320/train/n02102040/n02102040_78.JPEG,1,1
/mnt/e/Datasets/imagenette2-320/train/n03394916/n03394916_39096.JPEG,5,1
/mnt/e/Datasets/imagenette2-320/train/n03445777/n03445777_12724.JPEG,8,1
/mnt/e/Datasets/imagenette2-320/train/n03445777/n03445777_7776.JPEG,8,1
/mnt/e/Datasets/imagenette2-320/train/n03888257/n03888257_13476.JPEG,9,0
/mnt/e/Datasets/imagenette2-320/train/n02102040/n02102040_309.JPEG,1,1
/mnt/e/Datasets/imagenette2-320/train/n03028079/n03028079_1419.JPEG,4,1
/mnt/e/Datasets/imagenette2-320/train/n03417042/n03417042_12328.JPEG,6,1
/mnt/e/Datasets/imagenette2-320/train/n03394916/n03394916_53963.JPEG,5,0
/mnt/e/Datasets/imagenette2-320/train/n03028079/n03028079_16477.JPEG,4,1
/mnt/e/Datasets/imagenette2-320/train/n03028079/n03028079_62187.JPEG,4,0
/mnt/e/Datasets/imagenette2-320/train/n03394916/n03394916_38716.JPEG,5,1
/mnt/e/Datasets/imagenette2-320/train/n03888257/n03888257_62457.JPEG,9,1
/mnt/e/Datasets/imagenette2-320/train/n03028079/n03028079_11119.JPEG,4,1
/mnt/e/Datasets/imagenette2-320/train/n03000684/n03000684_29665.JPEG,3,1
/mnt/e/Datasets/imagenette2-320/train/n03445777/n03445777_4679.JPEG,8,0
/mnt/e/Datasets/imagenette2-320/train/n01440764/n01440764_9898.JPEG,0,1
/mnt/e/Datasets/imagenette2-320/train/n01440764/n01440764_10649.JPEG,0,1
/mnt/e/Datasets/imagenette2-320/train/n02979186/n02979186_6056.JPEG,2,0
/mnt/e/Datasets/imagenette2-320/train/n03417042/ILSVRC2012_val_00036554.JPEG,6,0
/mnt/e/Datasets/imagenette2-320/train/n02102040/n02102040_4184.JPEG,1,0
/mnt/e/Datasets/imagenette2-320/train/n03445777/n03445777_5665.JPEG,8,1
/mnt/e/Datasets/imagenette2-320/train/n03028079/n03028079_53875.JPEG,4,1
/mnt/e/Datasets/imagenette2-320/train/n03394916/n03394916_36463.JPEG,5,0
/mnt/e/Datasets/imagenette2-320/train/n03445777/n03445777_3503.JPEG,8,1
/mnt/e/Datasets/imagenette2-320/train/n03417042/n03417042_29308.JPEG,6,0
/mnt/e/Datasets/imagenette2-320/train/n03417042/n03417042_5098.JPEG,6,1
/mnt/e/Datasets/imagenette2-320/train/n02102040/n02102040_3319.JPEG,1,1
/mnt/e/Datasets/imagenette2-320/train/n03425413/n03425413_21455.JPEG,7,1
/mnt/e/Datasets/imagenette2-320/train/n03028079/n03028079_7439.JPEG,4,1
/mnt/e/Datasets/imagenette2-320/train/n03888257/n03888257_20649.JPEG,9,1
/mnt/e/Datasets/imagenette2-320/train/n03445777/n03445777_15776.JPEG,8,0
/mnt/e/Datasets/imagenette2-320/train/n03425413/n03425413_22343.JPEG,7,0
/mnt/e/Datasets/imagenette2-320/train/n03394916/n03394916_5856.JPEG,5,1
/mnt/e/Datasets/imagenette2-320/train/n03028079/n03028079_14639.JPEG,4,0
/mnt/e/Datasets/imagenette2-320/train/n02979186/n02979186_25179.JPEG,2,1
/mnt/e/Datasets/imagenette2-320/train/n02102040/n02102040_2493.JPEG,1,0
/mnt/e/Datasets/imagenette2-320/train/n02102040/n02102040_7555.JPEG,1,1
/mnt/e/Datasets/imagenette2-320/train/n02979186/n02979186_3088.JPEG,2,1
/mnt/e/Datasets/imagenette2-320/train/n02102040/n02102040_2787.JPEG,1,1
/mnt/e/Datasets/imagenette2-320/train/n01440764/n01440764_9428.JPEG,0,0
/mnt/e/Datasets/imagenette2-320/train/n03425413/n03425413_14554.JPEG,7,1
/mnt/e/Datasets/imagenette2-320/train/n01440764/n01440764_2675.JPEG,0,1
/mnt/e/Datasets/imagenette2-320/train/n03445777/n03445777_16078.JPEG,8,0
/mnt/e/Datasets/imagenette2-320/train/n01440764/n01440764_26698.JPEG,0,1
/mnt/e/Datasets/imagenette2-320/train/n02102040/n02102040_3476.JPEG,1,0
/mnt/e/Datasets/imagenette2-320/train/n03417042/n03417042_10744.JPEG,6,0
/mnt/e/Datasets/imagenette2-320/train/n03394916/n03394916_51457.JPEG,5,1
/mnt/e/Datasets/imagenette2-320/train/n03028079/n03028079_31523.JPEG,4,0
/mnt/e/Datasets/imagenette2-320/train/n01440764/n01440764_4106.JPEG,0,1
/mnt/e/Datasets/imagenette2-320/train/n02979186/n02979186_3674.JPEG,2,1
/mnt/e/Datasets/imagenette2-320/train/n03888257/n03888257_30668.JPEG,9,0
/mnt/e/Datasets/imagenette2-320/train/n03028079/n03028079_9718.JPEG,4,0
/mnt/e/Datasets/imagenette2-320/train/n02102040/n02102040_7169.JPEG,1,1
/mnt/e/Datasets/imagenette2-320/train/n03417042/n03417042_3005.JPEG,6,1
/mnt/e/Datasets/imagenette2-320/train/n03394916/n03394916_33177.JPEG,5,1
/mnt/e/Datasets/imagenette2-320/train/n03394916/n03394916_46227.JPEG,5,0
/mnt/e/Datasets/imagenette2-320/train/n03445777/n03445777_9793.JPEG,8,0
/mnt/e/Datasets/imagenette2-320/train/n03425413/n03425413_14027.JPEG,7,0
/mnt/e/Datasets/imagenette2-320/train/n03417042/n03417042_12013.JPEG,6,0
/mnt/e/Datasets/imagenette2-320/train/n03394916/n03394916_2257.JPEG,5,0
/mnt/e/Datasets/imagenette2-320/train/n01440764/n01440764_2866.JPEG,0,0
/mnt/e/Datasets/imagenette2-320/train/n03394916/n03394916_42175.JPEG,5,1
/mnt/e/Datasets/imagenette2-320/train/n03888257/n03888257_13198.JPEG,9,0
/mnt/e/Datasets/imagenette2-320/train/n03417042/ILSVRC2012_val_00001144.JPEG,6,1
/mnt/e/Datasets/imagenette2-320/train/n03445777/n03445777_14914.JPEG,8,0
/mnt/e/Datasets/imagenette2-320/train/n03417042/n03417042_6959.JPEG,6,1
/mnt/e/Datasets/imagenette2-320/train/n03425413/n03425413_15503.JPEG,7,1
/mnt/e/Datasets/imagenette2-320/train/n03417042/n03417042_19955.JPEG,6,0
/mnt/e/Datasets/imagenette2-320/train/n03417042/n03417042_3376.JPEG,6,1
/mnt/e/Datasets/imagenette2-320/train/n01440764/n01440764_13806.JPEG,0,0
/mnt/e/Datasets/imagenette2-320/train/n01440764/n01440764_36.JPEG,0,1
/mnt/e/Datasets/imagenette2-320/train/n01440764/n01440764_2563.JPEG,0,1
/mnt/e/Datasets/imagenette2-320/train/n03888257/n03888257_33265.JPEG,9,0
/mnt/e/Datasets/imagenette2-320/train/n03888257/n03888257_43178.JPEG,9,1
/mnt/e/Datasets/imagenette2-320/train/n03394916/n03394916_19996.JPEG,5,0
/mnt/e/Datasets/imagenette2-320/train/n03445777/n03445777_5213.JPEG,8,0
/mnt/e/Datasets/imagenette2-320/train/n01440764/n01440764_27183.JPEG,0,0
/mnt/e/Datasets/imagenette2-320/train/n02979186/n02979186_5779.JPEG,2,0
/mnt/e/Datasets/imagenette2-320/train/n02979186/n02979186_19173.JPEG,2,1
/mnt/e/Datasets/imagenette2-320/train/n01440764/ILSVRC2012_val_00037596.JPEG,0,1
/mnt/e/Datasets/imagenette2-320/train/n03417042/n03417042_13325.JPEG,6,1
/mnt/e/Datasets/imagenette2-320/train/n02102040/n02102040_1136.JPEG,1,1
/mnt/e/Datasets/imagenette2-320/train/n03445777/n03445777_3939.JPEG,8,1
/mnt/e/Datasets/imagenette2-320/train/n03000684/n03000684_5566.JPEG,3,0
/mnt/e/Datasets/imagenette2-320/train/n03445777/n03445777_14458.JPEG,8,1
/mnt/e/Datasets/imagenette2-320/train/n02102040/n02102040_7786.JPEG,1,0
/mnt/e/Datasets/imagenette2-320/train/n02102040/n02102040_2948.JPEG,1,1
/mnt/e/Datasets/imagenette2-320/train/n03000684/n03000684_644.JPEG,3,1
/mnt/e/Datasets/imagenette2-320/train/n03888257/n03888257_23233.JPEG,9,0
/mnt/e/Datasets/imagenette2-320/train/n02979186/n02979186_18328.JPEG,2,0
/mnt/e/Datasets/imagenette2-320/train/n03028079/n03028079_56793.JPEG,4,0
/mnt/e/Datasets/imagenette2-320/train/n03445777/n03445777_3063.JPEG,8,0
/mnt/e/Datasets/imagenette2-320/train/n03425413/n03425413_16109.JPEG,7,1
/mnt/e/Datasets/imagenette2-320/train/n02979186/n02979186_11034.JPEG,2,1
/mnt/e/Datasets/imagenette2-320/train/n03394916/n03394916_31453.JPEG,5,1
/mnt/e/Datasets/imagenette2-320/train/n03028079/n03028079_9099.JPEG,4,1
/mnt/e/Datasets/imagenette2-320/train/n01440764/n01440764_15203.JPEG,0,0
/mnt/e/Datasets/imagenette2-320/train/n02102040/n02102040_5128.JPEG,1,0
/mnt/e/Datasets/imagenette2-320/train/n03888257/n03888257_7526.JPEG,9,1
/mnt/e/Datasets/imagenette2-320/train/n03028079/n03028079_9063.JPEG,4,1
/mnt/e/Datasets/imagenette2-320/train/n03445777/n03445777_15777.JPEG,8,0
/mnt/e/Datasets/imagenette2-320/train/n02102040/n02102040_3664.JPEG,1,1
/mnt/e/Datasets/imagenette2-320/train/n02102040/n02102040_1036.JPEG,1,1
/mnt/e/Datasets/imagenette2-320/train/n03028079/n03028079_4086.JPEG,4,1
/mnt/e/Datasets/imagenette2-320/train/n02102040/n02102040_8207.JPEG,1,1
/mnt/e/Datasets/imagenette2-320/train/n03394916/n03394916_46395.JPEG,5,1
/mnt/e/Datasets/imagenette2-320/train/n03000684/n03000684_17733.JPEG,3,0
/mnt/e/Datasets/imagenette2-320/train/n03888257/n03888257_9839.JPEG,9,0
/mnt/e/Datasets/imagenette2-320/train/n03888257/n03888257_31454.JPEG,9,1
/mnt/e/Datasets/imagenette2-320/train/n03425413/n03425413_15919.JPEG,7,0
/mnt/e/Datasets/imagenette2-320/train/n02102040/n02102040_3048.JPEG,1,0
/mnt/e/Datasets/imagenette2-320/train/n03888257/n03888257_28569.JPEG,9,1
/mnt/e/Datasets/imagenette2-320/train/n02979186/n02979186_3195.JPEG,2,1
/mnt/e/Datasets/imagenette2-320/train/n03425413/n03425413_16809.JPEG,7,0
/mnt/e/Datasets/imagenette2-320/train/n01440764/n01440764_14098.JPEG,0,1
/mnt/e/Datasets/imagenette2-320/train/n03888257/n03888257_66357.JPEG,9,1
/mnt/e/Datasets/imagenette2-320/train/n03445777/n03445777_13898.JPEG,8,1
/mnt/e/Datasets/imagenette2-320/train/n02102040/n02102040_2505.JPEG,1,0
/mnt/e/Datasets/imagenette2-320/train/n03445777/n03445777_1969.JPEG,8,0
/mnt/e/Datasets/imagenette2-320/train/n03394916/n03394916_25364.JPEG,5,1
/mnt/e/Datasets/imagenette2-320/train/n03417042/n03417042_13635.JPEG,6,0
/mnt/e/Datasets/imagenette2-320/train/n01440764/n01440764_12554.JPEG,0,0
/mnt/e/Datasets/imagenette2-320/train/n03417042/n03417042_15908.JPEG,6,1
/mnt/e/Datasets/imagenette2-320/train/n03425413/n03425413_18234.JPEG,7,0
/mnt/e/Datasets/imagenette2-320/train/n03000684/n03000684_14626.JPEG,3,1
/mnt/e/Datasets/imagenette2-320/train/n03000684/n03000684_13279.JPEG,3,0
/mnt/e/Datasets/imagenette2-320/train/n03028079/n03028079_8597.JPEG,4,0
/mnt/e/Datasets/imagenette2-320/train/n03425413/n03425413_27543.JPEG,7,0
/mnt/e/Datasets/imagenette2-320/train/n03425413/n03425413_24914.JPEG,7,1
/mnt/e/Datasets/imagenette2-320/train/n03445777/n03445777_12069.JPEG,8,1
/mnt/e/Datasets/imagenette2-320/train/n03000684/n03000684_5279.JPEG,3,1
/mnt/e/Datasets/imagenette2-320/train/n03888257/n03888257_34666.JPEG,9,0
/mnt/e/Datasets/imagenette2-320/train/n02102040/n02102040_1728.JPEG,1,0
/mnt/e/Datasets/imagenette2-320/train/n03000684/n03000684_5044.JPEG,3,0
/mnt/e/Datasets/imagenette2-320/train/n01440764/n01440764_12023.JPEG,0,0
/mnt/e/Datasets/imagenette2-320/train/n03394916/n03394916_8736.JPEG,5,1
/mnt/e/Datasets/imagenette2-320/train/n03888257/n03888257_22147.JPEG,9,1
/mnt/e/Datasets/imagenette2-320/train/n03000684/n03000684_10707.JPEG,3,0
/mnt/e/Datasets/imagenette2-320/train/n03445777/n03445777_12143.JPEG,8,0
/mnt/e/Datasets/imagenette2-320/train/n03445777/n03445777_9667.JPEG,8,1
/mnt/e/Datasets/imagenette2-320/train/n01440764/n01440764_10619.JPEG,0,1
/mnt/e/Datasets/imagenette2-320/train/n03028079/n03028079_18085.JPEG,4,0
/mnt/e/Datasets/imagenette2-320/train/n03000684/n03000684_13707.JPEG,3,1
/mnt/e/Datasets/imagenette2-320/train/n03028079/n03028079_7595.JPEG,4,0
/mnt/e/Datasets/imagenette2-320/train/n03445777/n03445777_3816.JPEG,8,0
/mnt/e/Datasets/imagenette2-320/train/n03445777/n03445777_2017.JPEG,8,1
/mnt/e/Datasets/imagenette2-320/train/n03888257/n03888257_8193.JPEG,9,1
/mnt/e/Datasets/imagenette2-320/train/n03000684/n03000684_7699.JPEG,3,0
/mnt/e/Datasets/imagenette2-320/train/n02102040/n02102040_3668.JPEG,1,1
/mnt/e/Datasets/imagenette2-320/train/n02979186/n02979186_14498.JPEG,2,1
/mnt/e/Datasets/imagenette2-320/train/n03394916/n03394916_21228.JPEG,5,1
/mnt/e/Datasets/imagenette2-320/train/n03425413/n03425413_12685.JPEG,7,1
/mnt/e/Datasets/imagenette2-320/train/n01440764/n01440764_13344.JPEG,0,1
/mnt/e/Datasets/imagenette2-320/train/n03394916/n03394916_43837.JPEG,5,0
/mnt/e/Datasets/imagenette2-320/train/n03028079/n03028079_9573.JPEG,4,1
/mnt/e/Datasets/imagenette2-320/train/n03425413/n03425413_14144.JPEG,7,1
/mnt/e/Datasets/imagenette2-320/train/n03000684/n03000684_16639.JPEG,3,0
/mnt/e/Datasets/imagenette2-320/train/n03000684/n03000684_29697.JPEG,3,1
/mnt/e/Datasets/imagenette2-320/train/n02102040/n02102040_5834.JPEG,1,0
/mnt/e/Datasets/imagenette2-320/train/n02979186/n02979186_11915.JPEG,2,0
/mnt/e/Datasets/imagenette2-320/train/n03394916/n03394916_45264.JPEG,5,1
/mnt/e/Datasets/imagenette2-320/train/n03425413/n03425413_12743.JPEG,7,0
/mnt/e/Datasets/imagenette2-320/train/n03417042/n03417042_9194.JPEG,6,0
/mnt/e/Datasets/imagenette2-320/train/n03028079/n03028079_7425.JPEG,4,0
/mnt/e/Datasets/imagenette2-320/train/n03425413/n03425413_16097.JPEG,7,0
/mnt/e/Datasets/imagenette2-320/train/n03028079/n03028079_4167.JPEG,4,0
/mnt/e/Datasets/imagenette2-320/train/n03394916/n03394916_5548.JPEG,5,0
/mnt/e/Datasets/imagenette2-320/train/n03394916/n03394916_24304.JPEG,5,0
/mnt/e/Datasets/imagenette2-320/train/n03425413/n03425413_4679.JPEG,7,1
/mnt/e/Datasets/imagenette2-320/train/n03417042/n03417042_4665.JPEG,6,1
/mnt/e/Datasets/imagenette2-320/train/n01440764/n01440764_739.JPEG,0,0
/mnt/e/Datasets/imagenette2-320/train/n03394916/n03394916_29177.JPEG,5,1
/mnt/e/Datasets/imagenette2-320/train/n03394916/n03394916_38808.JPEG,5,1
/mnt/e/Datasets/imagenette2-320/train/n02102040/n02102040_855.JPEG,1,0
/mnt/e/Datasets/imagenette2-320/train/n03425413/n03425413_21314.JPEG,7,0
/mnt/e/Datasets/imagenette2-320/train/n03888257/n03888257_34374.JPEG,9,0
/mnt/e/Datasets/imagenette2-320/train/n02102040/n02102040_3937.JPEG,1,0
/mnt/e/Datasets/imagenette2-320/train/n03445777/n03445777_485.JPEG,8,1
/mnt/e/Datasets/imagenette2-320/train/n02979186/n02979186_21328.JPEG,2,0
/mnt/e/Datasets/imagenette2-320/train/n03028079/n03028079_16388.JPEG,4,0
/mnt/e/Datasets/imagenette2-320/train/n02102040/n02102040_7646.JPEG,1,0
/mnt/e/Datasets/imagenette2-320/train/n03417042/n03417042_5665.JPEG,6,0
/mnt/e/Datasets/imagenette2-320/train/n01440764/n01440764_3347.JPEG,0,1
/mnt/e/Datasets/imagenette2-320/train/n02979186/n02979186_553.JPEG,2,1
/mnt/e/Datasets/imagenette2-320/train/n03028079/n03028079_26219.JPEG,4,0
/mnt/e/Datasets/imagenette2-320/train/n03425413/n03425413_8337.JPEG,7,0
/mnt/e/Datasets/imagenette2-320/train/n03445777/n03445777_15113.JPEG,8,1
/mnt/e/Datasets/imagenette2-320/train/n03425413/n03425413_718.JPEG,7,0
/mnt/e/Datasets/imagenette2-320/train/n03417042/n03417042_5648.JPEG,6,1
/mnt/e/Datasets/imagenette2-320/train/n03445777/n03445777_603.JPEG,8,1
/mnt/e/Datasets/imagenette2-320/train/n03888257/n03888257_1446.JPEG,9,0
/mnt/e/Datasets/imagenette2-320/train/n03445777/n03445777_10235.JPEG,8,0
/mnt/e/Datasets/imagenette2-320/train/n03425413/n03425413_13986.JPEG,7,1
/mnt/e/Datasets/imagenette2-320/train/n03394916/n03394916_28857.JPEG,5,0
/mnt/e/Datasets/imagenette2-320/train/n03394916/n03394916_47259.JPEG,5,1
/mnt/e/Datasets/imagenette2-320/train/n02979186/n02979186_23555.JPEG,2,1
/mnt/e/Datasets/imagenette2-320/train/n03417042/n03417042_10105.JPEG,6,1
/mnt/e/Datasets/imagenette2-320/train/n03000684/n03000684_27609.JPEG,3,1
/mnt/e/Datasets/imagenette2-320/train/n03417042/n03417042_14645.JPEG,6,0
/mnt/e/Datasets/imagenette2-320/train/n03394916/n03394916_20035.JPEG,5,0
/mnt/e/Datasets/imagenette2-320/train/n02102040/n02102040_624.JPEG,1,1
/mnt/e/Datasets/imagenette2-320/train/n03417042/n03417042_8204.JPEG,6,1
/mnt/e/Datasets/imagenette2-320/train/n03417042/n03417042_10154.JPEG,6,0
/mnt/e/Datasets/imagenette2-320/train/n02979186/n02979186_12375.JPEG,2,0
/mnt/e/Datasets/imagenette2-320/train/n03000684/n03000684_7853.JPEG,3,0
/mnt/e/Datasets/imagenette2-320/train/n03445777/n03445777_4354.JPEG,8,1
/mnt/e/Datasets/imagenette2-320/train/n03028079/n03028079_2834.JPEG,4,0
/mnt/e/Datasets/imagenette2-320/train/n03000684/n03000684_6968.JPEG,3,1
/mnt/e/Datasets/imagenette2-320/train/n03888257/n03888257_6059.JPEG,9,0
/mnt/e/Datasets/imagenette2-320/train/n03425413/n03425413_13603.JPEG,7,1
/mnt/e/Datasets/imagenette2-320/train/n03394916/n03394916_34173.JPEG,5,0
/mnt/e/Datasets/imagenette2-320/train/n02979186/n02979186_5638.JPEG,2,0
/mnt/e/Datasets/imagenette2-320/train/n02102040/n02102040_7898.JPEG,1,1
/mnt/e/Datasets/imagenette2-320/train/n03445777/n03445777_5434.JPEG,8,1
/mnt/e/Datasets/imagenette2-320/train/n03888257/n03888257_16595.JPEG,9,0
/mnt/e/Datasets/imagenette2-320/train/n01440764/n01440764_9057.JPEG,0,1
/mnt/e/Datasets/imagenette2-320/train/n03417042/ILSVRC2012_val_00025416.JPEG,6,0
/mnt/e/Datasets/imagenette2-320/train/n02102040/n02102040_763.JPEG,1,1
/mnt/e/Datasets/imagenette2-320/train/n03888257/n03888257_55113.JPEG,9,0
/mnt/e/Datasets/imagenette2-320/train/n03425413/n03425413_106.JPEG,7,1
/mnt/e/Datasets/imagenette2-320/train/n03028079/n03028079_15438.JPEG,4,1
/mnt/e/Datasets/imagenette2-320/train/n03028079/n03028079_32105.JPEG,4,1
/mnt/e/Datasets/imagenette2-320/train/n03417042/n03417042_21946.JPEG,6,1
/mnt/e/Datasets/imagenette2-320/train/n01440764/n01440764_5176.JPEG,0,0
/mnt/e/Datasets/imagenette2-320/train/n02979186/n02979186_5906.JPEG,2,0
/mnt/e/Datasets/imagenette2-320/train/n02102040/n02102040_7804.JPEG,1,0
/mnt/e/Datasets/imagenette2-320/train/n03028079/n03028079_9283.JPEG,4,0
/mnt/e/Datasets/imagenette2-320/train/n03394916/n03394916_42673.JPEG,5,1
/mnt/e/Datasets/imagenette2-320/train/n03028079/n03028079_70618.JPEG,4,0
/mnt/e/Datasets/imagenette2-320/train/n03888257/n03888257_13074.JPEG,9,1
/mnt/e/Datasets/imagenette2-320/train/n03425413/n03425413_18325.JPEG,7,1
/mnt/e/Datasets/imagenette2-320/train/n02102040/n02102040_1703.JPEG,1,0
/mnt/e/Datasets/imagenette2-320/train/n03888257/n03888257_38025.JPEG,9,0
/mnt/e/Datasets/imagenette2-320/train/n01440764/n01440764_833.JPEG,0,0
/mnt/e/Datasets/imagenette2-320/train/n03417042/n03417042_10965.JPEG,6,1
/mnt/e/Datasets/imagenette2-320/train/n03445777/n03445777_10676.JPEG,8,0
/mnt/e/Datasets/imagenette2-320/train/n02979186/n02979186_529.JPEG,2,0
/mnt/e/Datasets/imagenette2-320/train/n03028079/n03028079_20047.JPEG,4,1
/mnt/e/Datasets/imagenette2-320/train/n03394916/n03394916_28428.JPEG,5,1
/mnt/e/Datasets/imagenette2-320/train/n03028079/n03028079_1309.JPEG,4,1
/mnt/e/Datasets/imagenette2-320/train/n03028079/n03028079_122144.JPEG,4,1
/mnt/e/Datasets/imagenette2-320/train/n03028079/n03028079_20957.JPEG,4,1
/mnt/e/Datasets/imagenette2-320/train/n03000684/n03000684_17546.JPEG,3,1
/mnt/e/Datasets/imagenette2-320/train/n03028079/n03028079_1544.JPEG,4,1
/mnt/e/Datasets/imagenette2-320/train/n03394916/n03394916_35869.JPEG,5,0
/mnt/e/Datasets/imagenette2-320/train/n03394916/n03394916_46179.JPEG,5,0
/mnt/e/Datasets/imagenette2-320/train/n03445777/n03445777_2417.JPEG,8,0
/mnt/e/Datasets/imagenette2-320/train/n03028079/n03028079_10596.JPEG,4,1
/mnt/e/Datasets/imagenette2-320/train/n03445777/n03445777_13186.JPEG,8,1
/mnt/e/Datasets/imagenette2-320/train/n03394916/n03394916_3207.JPEG,5,1
/mnt/e/Datasets/imagenette2-320/train/n02979186/n02979186_10437.JPEG,2,1
/mnt/e/Datasets/imagenette2-320/train/n02102040/n02102040_6935.JPEG,1,0
/mnt/e/Datasets/imagenette2-320/train/n02102040/n02102040_3514.JPEG,1,1
/mnt/e/Datasets/imagenette2-320/train/n03888257/n03888257_7294.JPEG,9,0
/mnt/e/Datasets/imagenette2-320/train/n02102040/n02102040_2429.JPEG,1,0
/mnt/e/Datasets/imagenette2-320/train/n03888257/n03888257_14504.JPEG,9,0
/mnt/e/Datasets/imagenette2-320/train/n01440764/n01440764_8426.JPEG,0,1
/mnt/e/Datasets/imagenette2-320/train/n03394916/n03394916_52498.JPEG,5,0
/mnt/e/Datasets/imagenette2-320/train/n03417042/n03417042_5779.JPEG,6,0
/mnt/e/Datasets/imagenette2-320/train/n03028079/n03028079_8479.JPEG,4,1
/mnt/e/Datasets/imagenette2-320/train/n01440764/n01440764_10548.JPEG,0,1
/mnt/e/Datasets/imagenette2-320/train/n03445777/n03445777_14849.JPEG,8,1
/mnt/e/Datasets/imagenette2-320/train/n03000684/n03000684_21415.JPEG,3,1
/mnt/e/Datasets/imagenette2-320/train/n02979186/n02979186_2853.JPEG,2,1
/mnt/e/Datasets/imagenette2-320/train/n03445777/n03445777_3296.JPEG,8,1
/mnt/e/Datasets/imagenette2-320/train/n03000684/n03000684_16757.JPEG,3,0
/mnt/e/Datasets/imagenette2-320/train/n03445777/n03445777_14243.JPEG,8,1
/mnt/e/Datasets/imagenette2-320/train/n02102040/n02102040_3205.JPEG,1,0
/mnt/e/Datasets/imagenette2-320/train/n01440764/n01440764_26659.JPEG,0,0
/mnt/e/Datasets/imagenette2-320/train/n03000684/n03000684_11628.JPEG,3,0
/mnt/e/Datasets/imagenette2-320/train/n02979186/n02979186_21024.JPEG,2,0
/mnt/e/Datasets/imagenette2-320/train/n03394916/n03394916_30918.JPEG,5,0
/mnt/e/Datasets/imagenette2-320/train/n03417042/n03417042_5457.JPEG,6,0
/mnt/e/Datasets/imagenette2-320/train/n03028079/n03028079_7296.JPEG,4,0
/mnt/e/Datasets/imagenette2-320/train/n03445777/n03445777_15388.JPEG,8,1
/mnt/e/Datasets/imagenette2-320/train/n03888257/n03888257_34513.JPEG,9,1
/mnt/e/Datasets/imagenette2-320/train/n03028079/n03028079_11276.JPEG,4,1
/mnt/e/Datasets/imagenette2-320/train/n03394916/n03394916_36113.JPEG,5,1
/mnt/e/Datasets/imagenette2-320/train/n02979186/n02979186_14237.JPEG,2,1
/mnt/e/Datasets/imagenette2-320/train/n03394916/n03394916_47924.JPEG,5,0
/mnt/e/Datasets/imagenette2-320/train/n03417042/n03417042_3586.JPEG,6,1
/mnt/e/Datasets/imagenette2-320/train/n03888257/n03888257_17004.JPEG,9,0
/mnt/e/Datasets/imagenette2-320/train/n02979186/n02979186_13443.JPEG,2,1
/mnt/e/Datasets/imagenette2-320/train/n03394916/n03394916_34774.JPEG,5,0
/mnt/e/Datasets/imagenette2-320/train/n03425413/n03425413_2594.JPEG,7,0
/mnt/e/Datasets/imagenette2-320/train/n01440764/n01440764_8623.JPEG,0,1
/mnt/e/Datasets/imagenette2-320/train/n03000684/n03000684_11576.JPEG,3,1
/mnt/e/Datasets/imagenette2-320/train/n02102040/n02102040_5308.JPEG,1,1
/mnt/e/Datasets/imagenette2-320/train/n03028079/n03028079_14454.JPEG,4,1
/mnt/e/Datasets/imagenette2-320/train/n02979186/n02979186_3764.JPEG,2,1
/mnt/e/Datasets/imagenette2-320/train/n03417042/n03417042_29444.JPEG,6,1
/mnt/e/Datasets/imagenette2-320/train/n03417042/n03417042_9128.JPEG,6,0
/mnt/e/Datasets/imagenette2-320/train/n02102040/n02102040_4116.JPEG,1,0
/mnt/e/Datasets/imagenette2-320/train/n03028079/n03028079_79119.JPEG,4,1
/mnt/e/Datasets/imagenette2-320/train/n03425413/n03425413_4249.JPEG,7,0
/mnt/e/Datasets/imagenette2-320/train/n03888257/n03888257_3839.JPEG,9,1
/mnt/e/Datasets/imagenette2-320/train/n03425413/ILSVRC2012_val_00033364.JPEG,7,0
/mnt/e/Datasets/imagenette2-320/train/n02979186/ILSVRC2012_val_00046953.JPEG,2,1
/mnt/e/Datasets/imagenette2-320/train/n03417042/n03417042_11928.JPEG,6,0
/mnt/e/Datasets/imagenette2-320/train/n03000684/n03000684_11756.JPEG,3,1
/mnt/e/Datasets/imagenette2-320/train/n01440764/n01440764_8885.JPEG,0,0
/mnt/e/Datasets/imagenette2-320/train/n03425413/n03425413_10825.JPEG,7,0
/mnt/e/Datasets/imagenette2-320/train/n02979186/n02979186_6154.JPEG,2,0
/mnt/e/Datasets/imagenette2-320/train/n01440764/ILSVRC2012_val_00025527.JPEG,0,0
/mnt/e/Datasets/imagenette2-320/train/n03445777/n03445777_1717.JPEG,8,1
/mnt/e/Datasets/imagenette2-320/train/n03888257/n03888257_4905.JPEG,9,0
/mnt/e/Datasets/imagenette2-320/train/n03425413/n03425413_21245.JPEG,7,0
/mnt/e/Datasets/imagenette2-320/train/n03000684/n03000684_25155.JPEG,3,1
/mnt/e/Datasets/imagenette2-320/train/n03445777/n03445777_8677.JPEG,8,0
/mnt/e/Datasets/imagenette2-320/train/n03028079/n03028079_30137.JPEG,4,1
/mnt/e/Datasets/imagenette2-320/train/n03000684/n03000684_33116.JPEG,3,0
/mnt/e/Datasets/imagenette2-320/train/n03888257/n03888257_4097.JPEG,9,0
/mnt/e/Datasets/imagenette2-320/train/n02979186/n02979186_14008.JPEG,2,0
/mnt/e/Datasets/imagenette2-320/train/n03445777/n03445777_679.JPEG,8,1
/mnt/e/Datasets/imagenette2-320/train/n03425413/n03425413_17079.JPEG,7,0
/mnt/e/Datasets/imagenette2-320/train/n03888257/n03888257_3607.JPEG,9,0
/mnt/e/Datasets/imagenette2-320/train/n03888257/n03888257_36469.JPEG,9,1
/mnt/e/Datasets/imagenette2-320/train/n02979186/n02979186_4754.JPEG,2,0
/mnt/e/Datasets/imagenette2-320/train/n03425413/n03425413_9659.JPEG,7,1
/mnt/e/Datasets/imagenette2-320/train/n03888257/n03888257_1286.JPEG,9,0
/mnt/e/Datasets/imagenette2-320/train/n03445777/n03445777_3865.JPEG,8,0
/mnt/e/Datasets/imagenette2-320/train/n02102040/n02102040_1147.JPEG,1,1
/mnt/e/Datasets/imagenette2-320/train/n03000684/n03000684_7313.JPEG,3,0
/mnt/e/Datasets/imagenette2-320/train/n03425413/n03425413_24453.JPEG,7,1
/mnt/e/Datasets/imagenette2-320/train/n03417042/n03417042_22064.JPEG,6,1
/mnt/e/Datasets/imagenette2-320/train/n03000684/n03000684_2907.JPEG,3,1
/mnt/e/Datasets/imagenette2-320/train/n02979186/n02979186_21714.JPEG,2,1
/mnt/e/Datasets/imagenette2-320/train/n01440764/n01440764_9374.JPEG,0,0
/mnt/e/Datasets/imagenette2-320/train/n03000684/n03000684_6696.JPEG,3,1
/mnt/e/Datasets/imagenette2-320/train/n03425413/n03425413_19683.JPEG,7,0
/mnt/e/Datasets/imagenette2-320/train/n02102040/n02102040_3304.JPEG,1,0
/mnt/e/Datasets/imagenette2-320/train/n02102040/n02102040_1487.JPEG,1,0
/mnt/e/Datasets/imagenette2-320/train/n03417042/n03417042_21047.JPEG,6,1
/mnt/e/Datasets/imagenette2-320/train/n03028079/n03028079_2437.JPEG,4,1
/mnt/e/Datasets/imagenette2-320/train/n03028079/n03028079_52414.JPEG,4,1
/mnt/e/Datasets/imagenette2-320/train/n03000684/n03000684_1476.JPEG,3,0
/mnt/e/Datasets/imagenette2-320/train/n03417042/n03417042_15198.JPEG,6,1
/mnt/e/Datasets/imagenette2-320/train/n03028079/n03028079_12459.JPEG,4,1
/mnt/e/Datasets/imagenette2-320/train/n03888257/n03888257_11587.JPEG,9,1
/mnt/e/Datasets/imagenette2-320/train/n01440764/n01440764_5634.JPEG,0,1
/mnt/e/Datasets/imagenette2-320/train/n03000684/n03000684_16188.JPEG,3,1
/mnt/e/Datasets/imagenette2-320/train/n03888257/n03888257_1517.JPEG,9,0
/mnt/e/Datasets/imagenette2-320/train/n02102040/n02102040_6447.JPEG,1,0
/mnt/e/Datasets/imagenette2-320/train/n03394916/n03394916_59.JPEG,5,1
/mnt/e/Datasets/imagenette2-320/train/n03417042/n03417042_7403.JPEG,6,0
/mnt/e/Datasets/imagenette2-320/train/n03394916/n03394916_25689.JPEG,5,1
/mnt/e/Datasets/imagenette2-320/train/n03425413/n03425413_13206.JPEG,7,1
/mnt/e/Datasets/imagenette2-320/train/n01440764/n01440764_8805.JPEG,0,0
/mnt/e/Datasets/imagenette2-320/train/n03000684/ILSVRC2012_val_00035266.JPEG,3,1
/mnt/e/Datasets/imagenette2-320/train/n03417042/n03417042_256.JPEG,6,1
/mnt/e/Datasets/imagenette2-320/train/n03028079/n03028079_5983.JPEG,4,0
/mnt/e/Datasets/imagenette2-320/train/n02979186/n02979186_13463.JPEG,2,0
/mnt/e/Datasets/imagenette2-320/train/n03417042/n03417042_2778.JPEG,6,1
/mnt/e/Datasets/imagenette2-320/train/n03394916/n03394916_46945.JPEG,5,0
/mnt/e/Datasets/imagenette2-320/train/n03417042/n03417042_4485.JPEG,6,0
/mnt/e/Datasets/imagenette2-320/train/n02102040/n02102040_3199.JPEG,1,1
/mnt/e/Datasets/imagenette2-320/train/n02979186/n02979186_12049.JPEG,2,0
/mnt/e/Datasets/imagenette2-320/train/n03417042/n03417042_6893.JPEG,6,0
/mnt/e/Datasets/imagenette2-320/train/n03445777/n03445777_3829.JPEG,8,0
/mnt/e/Datasets/imagenette2-320/train/n03445777/n03445777_2035.JPEG,8,1
/mnt/e/Datasets/imagenette2-320/train/n03000684/ILSVRC2012_val_00020674.JPEG,3,1
/mnt/e/Datasets/imagenette2-320/train/n03888257/n03888257_4764.JPEG,9,1
/mnt/e/Datasets/imagenette2-320/train/n03425413/n03425413_8078.JPEG,7,1
/mnt/e/Datasets/imagenette2-320/train/n03394916/n03394916_30459.JPEG,5,1
/mnt/e/Datasets/imagenette2-320/train/n03417042/n03417042_9018.JPEG,6,0
/mnt/e/Datasets/imagenette2-320/train/n02102040/n02102040_4355.JPEG,1,0
/mnt/e/Datasets/imagenette2-320/train/n02979186/n02979186_5679.JPEG,2,1
/mnt/e/Datasets/imagenette2-320/train/n02102040/n02102040_2887.JPEG,1,1
/mnt/e/Datasets/imagenette2-320/train/n02102040/n02102040_1124.JPEG,1,0
/mnt/e/Datasets/imagenette2-320/train/n03394916/n03394916_29247.JPEG,5,1
/mnt/e/Datasets/imagenette2-320/train/n03425413/n03425413_9839.JPEG,7,1
/mnt/e/Datasets/imagenette2-320/train/n03417042/n03417042_18196.JPEG,6,0
/mnt/e/Datasets/imagenette2-320/train/n03425413/n03425413_20806.JPEG,7,0
/mnt/e/Datasets/imagenette2-320/train/n03417042/n03417042_9885.JPEG,6,1
/mnt/e/Datasets/imagenette2-320/train/n03394916/n03394916_23434.JPEG,5,1
/mnt/e/Datasets/imagenette2-320/train/n03417042/n03417042_11424.JPEG,6,0
/mnt/e/Datasets/imagenette2-320/train/n02102040/n02102040_1617.JPEG,1,1
/mnt/e/Datasets/imagenette2-320/train/n02979186/n02979186_10349.JPEG,2,1
/mnt/e/Datasets/imagenette2-320/train/n01440764/n01440764_31406.JPEG,0,0
/mnt/e/Datasets/imagenette2-320/train/n02102040/n02102040_1639.JPEG,1,0
/mnt/e/Datasets/imagenette2-320/train/n02102040/n02102040_1709.JPEG,1,1
/mnt/e/Datasets/imagenette2-320/train/n02979186/n02979186_15876.JPEG,2,0
/mnt/e/Datasets/imagenette2-320/train/n03028079/n03028079_7163.JPEG,4,1
/mnt/e/Datasets/imagenette2-320/train/n03445777/n03445777_17276.JPEG,8,1
/mnt/e/Datasets/imagenette2-320/train/n02979186/n02979186_4326.JPEG,2,1
/mnt/e/Datasets/imagenette2-320/train/n03000684/n03000684_16306.JPEG,3,0
/mnt/e/Datasets/imagenette2-320/train/n02102040/n02102040_5635.JPEG,1,0
/mnt/e/Datasets/imagenette2-320/train/n03425413/n03425413_13216.JPEG,7,0
/mnt/e/Datasets/imagenette2-320/train/n03394916/ILSVRC2012_val_00024837.JPEG,5,1
/mnt/e/Datasets/imagenette2-320/train/n03445777/n03445777_453.JPEG,8,1
/mnt/e/Datasets/imagenette2-320/train/n03417042/n03417042_5809.JPEG,6,0
/mnt/e/Datasets/imagenette2-320/train/n02102040/n02102040_3997.JPEG,1,0
/mnt/e/Datasets/imagenette2-320/train/n03417042/n03417042_5234.JPEG,6,1
/mnt/e/Datasets/imagenette2-320/train/n02979186/n02979186_6023.JPEG,2,1
/mnt/e/Datasets/imagenette2-320/train/n03417042/n03417042_27907.JPEG,6,1
/mnt/e/Datasets/imagenette2-320/train/n02979186/n02979186_3618.JPEG,2,1
/mnt/e/Datasets/imagenette2-320/train/n03028079/n03028079_19206.JPEG,4,1
/mnt/e/Datasets/imagenette2-320/train/n03445777/n03445777_1475.JPEG,8,1
/mnt/e/Datasets/imagenette2-320/train/n03888257/n03888257_2276.JPEG,9,1
/mnt/e/Datasets/imagenette2-320/train/n03028079/n03028079_606.JPEG,4,0
/mnt/e/Datasets/imagenette2-320/train/n03445777/n03445777_6789.JPEG,8,1
/mnt/e/Datasets/imagenette2-320/train/n03000684/n03000684_10249.JPEG,3,1
/mnt/e/Datasets/imagenette2-320/train/n03425413/n03425413_9229.JPEG,7,0
/mnt/e/Datasets/imagenette2-320/train/n03425413/n03425413_19733.JPEG,7,0
/mnt/e/Datasets/imagenette2-320/train/n03000684/n03000684_3028.JPEG,3,0
/mnt/e/Datasets/imagenette2-320/train/n03445777/n03445777_18804.JPEG,8,0
/mnt/e/Datasets/imagenette2-320/train/n03888257/n03888257_25644.JPEG,9,0
/mnt/e/Datasets/imagenette2-320/train/n03425413/n03425413_88.JPEG,7,1
/mnt/e/Datasets/imagenette2-320/train/n02102040/n02102040_5168.JPEG,1,1
/mnt/e/Datasets/imagenette2-320/train/n03888257/n03888257_28669.JPEG,9,0
/mnt/e/Datasets/imagenette2-320/train/n03394916/n03394916_58687.JPEG,5,1
/mnt/e/Datasets/imagenette2-320/train/n03445777/n03445777_10678.JPEG,8,0
/mnt/e/Datasets/imagenette2-320/train/n03394916/n03394916_58454.JPEG,5,1
/mnt/e/Datasets/imagenette2-320/train/n02979186/n02979186_6729.JPEG,2,0
/mnt/e/Datasets/imagenette2-320/train/n03445777/n03445777_10759.JPEG,8,1
/mnt/e/Datasets/imagenette2-320/train/n03394916/n03394916_34333.JPEG,5,0
/mnt/e/Datasets/imagenette2-320/train/n02102040/n02102040_594.JPEG,1,1
/mnt/e/Datasets/imagenette2-320/train/n03888257/n03888257_10653.JPEG,9,1
/mnt/e/Datasets/imagenette2-320/train/n03445777/n03445777_17703.JPEG,8,1
/mnt/e/Datasets/imagenette2-320/train/n03028079/n03028079_21044.JPEG,4,0
/mnt/e/Datasets/imagenette2-320/train/n03000684/n03000684_14457.JPEG,3,0
/mnt/e/Datasets/imagenette2-320/train/n03888257/n03888257_25024.JPEG,9,0
/mnt/e/Datasets/imagenette2-320/train/n01440764/n01440764_2314.JPEG,0,0
/mnt/e/Datasets/imagenette2-320/train/n03425413/n03425413_31444.JPEG,7,0
/mnt/e/Datasets/imagenette2-320/train/n03394916/n03394916_37195.JPEG,5,0
/mnt/e/Datasets/imagenette2-320/train/n03394916/n03394916_109.JPEG,5,1
/mnt/e/Datasets/imagenette2-320/train/n03888257/n03888257_8498.JPEG,9,1
/mnt/e/Datasets/imagenette2-320/train/n02979186/n02979186_19188.JPEG,2,1
/mnt/e/Datasets/imagenette2-320/train/n02102040/n02102040_4738.JPEG,1,1
/mnt/e/Datasets/imagenette2-320/train/n03888257/n03888257_56279.JPEG,9,1
/mnt/e/Datasets/imagenette2-320/train/n02979186/n02979186_11976.JPEG,2,0
/mnt/e/Datasets/imagenette2-320/train/n01440764/n01440764_8548.JPEG,0,1
/mnt/e/Datasets/imagenette2-320/train/n03417042/n03417042_23784.JPEG,6,1
/mnt/e/Datasets/imagenette2-320/train/n02102040/ILSVRC2012_val_00016833.JPEG,1,1
/mnt/e/Datasets/imagenette2-320/train/n01440764/n01440764_2816.JPEG,0,0
/mnt/e/Datasets/imagenette2-320/train/n01440764/n01440764_78.JPEG,0,1
/mnt/e/Datasets/imagenette2-320/train/n03394916/n03394916_13278.JPEG,5,1
/mnt/e/Datasets/imagenette2-320/train/n03445777/n03445777_5908.JPEG,8,0
/mnt/e/Datasets/imagenette2-320/train/n03425413/n03425413_659.JPEG,7,0
/mnt/e/Datasets/imagenette2-320/train/n03425413/n03425413_14395.JPEG,7,0
/mnt/e/Datasets/imagenette2-320/train/n02102040/n02102040_6763.JPEG,1,1
/mnt/e/Datasets/imagenette2-320/train/n02979186/n02979186_1587.JPEG,2,0
/mnt/e/Datasets/imagenette2-320/train/n03417042/n03417042_6278.JPEG,6,0
/mnt/e/Datasets/imagenette2-320/train/n03425413/n03425413_20675.JPEG,7,1
/mnt/e/Datasets/imagenette2-320/train/n03425413/n03425413_11327.JPEG,7,0
/mnt/e/Datasets/imagenette2-320/train/n03394916/n03394916_46696.JPEG,5,0
/mnt/e/Datasets/imagenette2-320/train/n03394916/n03394916_38659.JPEG,5,0
/mnt/e/Datasets/imagenette2-320/train/n02979186/ILSVRC2012_val_00049106.JPEG,2,0
/mnt/e/Datasets/imagenette2-320/train/n02979186/n02979186_4087.JPEG,2,0
/mnt/e/Datasets/imagenette2-320/train/n02102040/n02102040_5.JPEG,1,0
/mnt/e/Datasets/imagenette2-320/train/n02102040/n02102040_364.JPEG,1,1
/mnt/e/Datasets/imagenette2-320/train/n03888257/n03888257_26584.JPEG,9,0
/mnt/e/Datasets/imagenette2-320/train/n02979186/n02979186_2745.JPEG,2,0
/mnt/e/Datasets/imagenette2-320/train/n03888257/n03888257_6753.JPEG,9,1
/mnt/e/Datasets/imagenette2-320/train/n03394916/n03394916_28683.JPEG,5,0
/mnt/e/Datasets/imagenette2-320/train/n03445777/ILSVRC2012_val_00031486.JPEG,8,0
/mnt/e/Datasets/imagenette2-320/train/n03445777/n03445777_743.JPEG,8,1
/mnt/e/Datasets/imagenette2-320/train/n03425413/n03425413_18357.JPEG,7,1
/mnt/e/Datasets/imagenette2-320/train/n01440764/n01440764_7519.JPEG,0,0
/mnt/e/Datasets/imagenette2-320/train/n02979186/n02979186_15694.JPEG,2,1
/mnt/e/Datasets/imagenette2-320/train/n02979186/n02979186_8297.JPEG,2,1
/mnt/e/Datasets/imagenette2-320/train/n03417042/n03417042_29185.JPEG,6,1
/mnt/e/Datasets/imagenette2-320/train/n03028079/n03028079_99415.JPEG,4,0
/mnt/e/Datasets/imagenette2-320/train/n02102040/n02102040_1515.JPEG,1,0
/mnt/e/Datasets/imagenette2-320/train/n02102040/n02102040_637.JPEG,1,0
/mnt/e/Datasets/imagenette2-320/train/n03445777/n03445777_8838.JPEG,8,0
/mnt/e/Datasets/imagenette2-320/train/n02102040/n02102040_1343.JPEG,1,0
/mnt/e/Datasets/imagenette2-320/train/n03417042/n03417042_2563.JPEG,6,0
/mnt/e/Datasets/imagenette2-320/train/n02102040/n02102040_2985.JPEG,1,0
/mnt/e/Datasets/imagenette2-320/train/n03888257/n03888257_37008.JPEG,9,1
/mnt/e/Datasets/imagenette2-320/train/n03445777/n03445777_5909.JPEG,8,1
/mnt/e/Datasets/imagenette2-320/train/n03028079/ILSVRC2012_val_00033509.JPEG,4,0
/mnt/e/Datasets/imagenette2-320/train/n03394916/n03394916_8019.JPEG,5,0
/mnt/e/Datasets/imagenette2-320/train/n02102040/n02102040_1305.JPEG,1,1
/mnt/e/Datasets/imagenette2-320/train/n02979186/n02979186_14773.JPEG,2,1
/mnt/e/Datasets/imagenette2-320/train/n03425413/n03425413_11135.JPEG,7,0
/mnt/e/Datasets/imagenette2-320/train/n03394916/n03394916_70959.JPEG,5,1
/mnt/e/Datasets/imagenette2-320/train/n03394916/n03394916_54786.JPEG,5,1
/mnt/e/Datasets/imagenette2-320/train/n02102040/n02102040_6494.JPEG,1,1
/mnt/e/Datasets/imagenette2-320/train/n01440764/n01440764_9157.JPEG,0,1
/mnt/e/Datasets/imagenette2-320/train/n03394916/n03394916_57299.JPEG,5,1
/mnt/e/Datasets/imagenette2-320/train/n02102040/ILSVRC2012_val_00002294.JPEG,1,0
/mnt/e/Datasets/imagenette2-320/train/n01440764/n01440764_12289.JPEG,0,0
/mnt/e/Datasets/imagenette2-320/train/n03425413/n03425413_18006.JPEG,7,1
/mnt/e/Datasets/imagenette2-320/train/n03445777/n03445777_3915.JPEG,8,0
/mnt/e/Datasets/imagenette2-320/train/n02102040/n02102040_7569.JPEG,1,1
/mnt/e/Datasets/imagenette2-320/train/n03000684/n03000684_8799.JPEG,3,1
/mnt/e/Datasets/imagenette2-320/train/n02979186/n02979186_13636.JPEG,2,1
/mnt/e/Datasets/imagenette2-320/train/n02102040/n02102040_1859.JPEG,1,1
/mnt/e/Datasets/imagenette2-320/train/n02102040/n02102040_7124.JPEG,1,0
/mnt/e/Datasets/imagenette2-320/train/n03417042/n03417042_1635.JPEG,6,1
/mnt/e/Datasets/imagenette2-320/train/n01440764/n01440764_3236.JPEG,0,0
/mnt/e/Datasets/imagenette2-320/train/n03888257/n03888257_4683.JPEG,9,1
/mnt/e/Datasets/imagenette2-320/train/n03000684/n03000684_7179.JPEG,3,0
/mnt/e/Datasets/imagenette2-320/train/n03888257/n03888257_34607.JPEG,9,1
/mnt/e/Datasets/imagenette2-320/train/n03028079/n03028079_16547.JPEG,4,0
/mnt/e/Datasets/imagenette2-320/train/n03445777/n03445777_10039.JPEG,8,0
/mnt/e/Datasets/imagenette2-320/train/n03425413/n03425413_20774.JPEG,7,1
/mnt/e/Datasets/imagenette2-320/train/n02102040/n02102040_7013.JPEG,1,0
/mnt/e/Datasets/imagenette2-320/train/n03000684/n03000684_13343.JPEG,3,1
/mnt/e/Datasets/imagenette2-320/train/n02979186/n02979186_6314.JPEG,2,0
/mnt/e/Datasets/imagenette2-320/train/n01440764/n01440764_7926.JPEG,0,1
/mnt/e/Datasets/imagenette2-320/train/n03425413/n03425413_19956.JPEG,7,0
/mnt/e/Datasets/imagenette2-320/train/n02102040/n02102040_5216.JPEG,1,0
/mnt/e/Datasets/imagenette2-320/train/n02102040/n02102040_3526.JPEG,1,0
/mnt/e/Datasets/imagenette2-320/train/n03425413/n03425413_16864.JPEG,7,1
/mnt/e/Datasets/imagenette2-320/train/n03000684/n03000684_32916.JPEG,3,0
/mnt/e/Datasets/imagenette2-320/train/n03000684/n03000684_11163.JPEG,3,0
/mnt/e/Datasets/imagenette2-320/train/n03028079/n03028079_6089.JPEG,4,0
/mnt/e/Datasets/imagenette2-320/train/n03000684/n03000684_19594.JPEG,3,1
/mnt/e/Datasets/imagenette2-320/train/n03888257/n03888257_16575.JPEG,9,1
/mnt/e/Datasets/imagenette2-320/train/n03425413/ILSVRC2012_val_00006434.JPEG,7,1
/mnt/e/Datasets/imagenette2-320/train/n03445777/n03445777_4966.JPEG,8,1
/mnt/e/Datasets/imagenette2-320/train/n03394916/n03394916_16589.JPEG,5,0
/mnt/e/Datasets/imagenette2-320/train/n03000684/n03000684_17226.JPEG,3,0
/mnt/e/Datasets/imagenette2-320/train/n02102040/n02102040_645.JPEG,1,0
/mnt/e/Datasets/imagenette2-320/train/n01440764/n01440764_8903.JPEG,0,1
/mnt/e/Datasets/imagenette2-320/train/n02102040/n02102040_1807.JPEG,1,1
/mnt/e/Datasets/imagenette2-320/train/n03000684/n03000684_6095.JPEG,3,1
/mnt/e/Datasets/imagenette2-320/train/n03417042/n03417042_153.JPEG,6,1
/mnt/e/Datasets/imagenette2-320/train/n01440764/n01440764_10995.JPEG,0,1
/mnt/e/Datasets/imagenette2-320/train/n03417042/n03417042_21788.JPEG,6,1
/mnt/e/Datasets/imagenette2-320/train/n03417042/n03417042_12813.JPEG,6,0
/mnt/e/Datasets/imagenette2-320/train/n03888257/n03888257_2327.JPEG,9,0
/mnt/e/Datasets/imagenette2-320/train/n03417042/n03417042_4238.JPEG,6,1
/mnt/e/Datasets/imagenette2-320/train/n03000684/n03000684_473.JPEG,3,0
/mnt/e/Datasets/imagenette2-320/train/n02979186/n02979186_25129.JPEG,2,0
/mnt/e/Datasets/imagenette2-320/train/n03394916/n03394916_40416.JPEG,5,0
/mnt/e/Datasets/imagenette2-320/train/n02979186/n02979186_3113.JPEG,2,1
/mnt/e/Datasets/imagenette2-320/train/n03425413/n03425413_1296.JPEG,7,1
/mnt/e/Datasets/imagenette2-320/train/n03394916/n03394916_33237.JPEG,5,0
/mnt/e/Datasets/imagenette2-320/train/n03028079/n03028079_577.JPEG,4,1
/mnt/e/Datasets/imagenette2-320/train/n01440764/n01440764_13749.JPEG,0,1
/mnt/e/Datasets/imagenette2-320/train/n03445777/n03445777_3827.JPEG,8,1
/mnt/e/Datasets/imagenette2-320/train/n01440764/n01440764_15453.JPEG,0,0
/mnt/e/Datasets/imagenette2-320/train/n03888257/n03888257_31296.JPEG,9,1
/mnt/e/Datasets/imagenette2-320/train/n03888257/n03888257_9066.JPEG,9,0
/mnt/e/Datasets/imagenette2-320/train/n03394916/n03394916_28838.JPEG,5,1
/mnt/e/Datasets/imagenette2-320/train/n02102040/n02102040_163.JPEG,1,1
/mnt/e/Datasets/imagenette2-320/train/n02102040/n02102040_3923.JPEG,1,1
/mnt/e/Datasets/imagenette2-320/train/n02102040/n02102040_3719.JPEG,1,0
/mnt/e/Datasets/imagenette2-320/train/n01440764/n01440764_3176.JPEG,0,0
/mnt/e/Datasets/imagenette2-320/train/n02102040/n02102040_795.JPEG,1,0
/mnt/e/Datasets/imagenette2-320/train/n03417042/n03417042_10754.JPEG,6,1
/mnt/e/Datasets/imagenette2-320/train/n03445777/n03445777_129.JPEG,8,0
/mnt/e/Datasets/imagenette2-320/train/n03028079/n03028079_29416.JPEG,4,0
/mnt/e/Datasets/imagenette2-320/train/n03028079/n03028079_5589.JPEG,4,1
/mnt/e/Datasets/imagenette2-320/train/n03888257/n03888257_43086.JPEG,9,0
/mnt/e/Datasets/imagenette2-320/train/n03888257/n03888257_46696.JPEG,9,0
/mnt/e/Datasets/imagenette2-320/train/n03417042/n03417042_3197.JPEG,6,0
/mnt/e/Datasets/imagenette2-320/train/n01440764/n01440764_449.JPEG,0,0
/mnt/e/Datasets/imagenette2-320/train/n03425413/n03425413_13473.JPEG,7,0
/mnt/e/Datasets/imagenette2-320/train/n02979186/n02979186_26976.JPEG,2,1
/mnt/e/Datasets/imagenette2-320/train/n03000684/n03000684_6716.JPEG,3,0
/mnt/e/Datasets/imagenette2-320/train/n03425413/n03425413_8313.JPEG,7,1
/mnt/e/Datasets/imagenette2-320/train/n02979186/n02979186_19709.JPEG,2,1
/mnt/e/Datasets/imagenette2-320/train/n01440764/n01440764_7055.JPEG,0,1
/mnt/e/Datasets/imagenette2-320/train/n03028079/n03028079_33468.JPEG,4,1
/mnt/e/Datasets/imagenette2-320/train/n02979186/n02979186_13265.JPEG,2,0
/mnt/e/Datasets/imagenette2-320/train/n02102040/ILSVRC2012_val_00018207.JPEG,1,1
/mnt/e/Datasets/imagenette2-320/train/n02102040/n02102040_3916.JPEG,1,1
/mnt/e/Datasets/imagenette2-320/train/n03417042/n03417042_6888.JPEG,6,0
/mnt/e/Datasets/imagenette2-320/train/n02979186/ILSVRC2012_val_00006787.JPEG,2,0
/mnt/e/Datasets/imagenette2-320/train/n03000684/n03000684_11713.JPEG,3,0
/mnt/e/Datasets/imagenette2-320/train/n03394916/n03394916_33047.JPEG,5,0
/mnt/e/Datasets/imagenette2-320/train/n03425413/n03425413_17833.JPEG,7,0
/mnt/e/Datasets/imagenette2-320/train/n01440764/n01440764_6485.JPEG,0,0
/mnt/e/Datasets/imagenette2-320/train/n03000684/n03000684_11744.JPEG,3,1
/mnt/e/Datasets/imagenette2-320/train/n03417042/n03417042_79.JPEG,6,0
/mnt/e/Datasets/imagenette2-320/train/n03888257/n03888257_20717.JPEG,9,0
/mnt/e/Datasets/imagenette2-320/train/n01440764/n01440764_3375.JPEG,0,0
/mnt/e/Datasets/imagenette2-320/train/n03417042/n03417042_8297.JPEG,6,0
/mnt/e/Datasets/imagenette2-320/train/n01440764/n01440764_2117.JPEG,0,1
/mnt/e/Datasets/imagenette2-320/train/n01440764/n01440764_31215.JPEG,0,1
/mnt/e/Datasets/imagenette2-320/train/n02102040/n02102040_1209.JPEG,1,1
/mnt/e/Datasets/imagenette2-320/train/n02979186/n02979186_5424.JPEG,2,1
/mnt/e/Datasets/imagenette2-320/train/n03028079/n03028079_105115.JPEG,4,0
/mnt/e/Datasets/imagenette2-320/train/n03425413/n03425413_11029.JPEG,7,1
/mnt/e/Datasets/imagenette2-320/train/n03394916/n03394916_63083.JPEG,5,0
/mnt/e/Datasets/imagenette2-320/train/n03425413/n03425413_7985.JPEG,7,0
/mnt/e/Datasets/imagenette2-320/train/n03425413/n03425413_11054.JPEG,7,0
/mnt/e/Datasets/imagenette2-320/train/n02979186/n02979186_10537.JPEG,2,0
/mnt/e/Datasets/imagenette2-320/train/n02102040/n02102040_196.JPEG,1,1
/mnt/e/Datasets/imagenette2-320/train/n03445777/n03445777_3704.JPEG,8,1
/mnt/e/Datasets/imagenette2-320/train/n02979186/n02979186_20038.JPEG,2,1
/mnt/e/Datasets/imagenette2-320/train/n03394916/n03394916_55505.JPEG,5,1
/mnt/e/Datasets/imagenette2-320/train/n03445777/n03445777_5816.JPEG,8,1
/mnt/e/Datasets/imagenette2-320/train/n03425413/n03425413_20773.JPEG,7,1
/mnt/e/Datasets/imagenette2-320/train/n03888257/n03888257_21998.JPEG,9,1
/mnt/e/Datasets/imagenette2-320/train/n01440764/n01440764_6758.JPEG,0,0
/mnt/e/Datasets/imagenette2-320/train/n03417042/n03417042_5239.JPEG,6,0
/mnt/e/Datasets/imagenette2-320/train/n03445777/n03445777_7095.JPEG,8,0
/mnt/e/Datasets/imagenette2-320/train/n02102040/n02102040_7376.JPEG,1,1
/mnt/e/Datasets/imagenette2-320/train/n01440764/n01440764_2427.JPEG,0,0
/mnt/e/Datasets/imagenette2-320/train/n02979186/n02979186_18114.JPEG,2,0
/mnt/e/Datasets/imagenette2-320/train/n03417042/n03417042_6407.JPEG,6,0
/mnt/e/Datasets/imagenette2-320/train/n03000684/n03000684_22434.JPEG,3,1
/mnt/e/Datasets/imagenette2-320/train/n02979186/n02979186_3009.JPEG,2,1
/mnt/e/Datasets/imagenette2-320/train/n02102040/n02102040_249.JPEG,1,0
/mnt/e/Datasets/imagenette2-320/train/n03425413/n03425413_2076.JPEG,7,0
/mnt/e/Datasets/imagenette2-320/train/n03888257/n03888257_1389.JPEG,9,0
/mnt/e/Datasets/imagenette2-320/train/n03000684/n03000684_7664.JPEG,3,0
/mnt/e/Datasets/imagenette2-320/train/n02102040/n02102040_5885.JPEG,1,1
/mnt/e/Datasets/imagenette2-320/train/n03028079/n03028079_26688.JPEG,4,0
/mnt/e/Datasets/imagenette2-320/train/n02979186/n02979186_21934.JPEG,2,0
